"filename", "language", "Markdown", "JSON", "HTTP", "C#", "XML", "JavaScript", "PostCSS", "Properties", "JavaScript JSX", "log", "HTML", "ASP.NET Razor", "Dotenv", "comment", "blank", "total"
"d:\SocialNetworkApp\SocialNetworkApp\src\.agent.md", "Markdown", 28, 0, 0, 0, 0, 0, 0, 0, 0, 0, 0, 0, 0, 0, 1, 29
"d:\SocialNetworkApp\SocialNetworkApp\src\Application\Abstractions\IFeedGenerator.cs", "C#", 0, 0, 0, 7, 0, 0, 0, 0, 0, 0, 0, 0, 0, 0, 1, 8
"d:\SocialNetworkApp\SocialNetworkApp\src\Application\Abstractions\IFriendGraphService.cs", "C#", 0, 0, 0, 15, 0, 0, 0, 0, 0, 0, 0, 0, 0, 0, 3, 18
"d:\SocialNetworkApp\SocialNetworkApp\src\Application\Abstractions\ITokenService.cs", "C#", 0, 0, 0, 8, 0, 0, 0, 0, 0, 0, 0, 0, 0, 0, 1, 9
"d:\SocialNetworkApp\SocialNetworkApp\src\Application\Abstractions\IUnitOfWork.cs", "C#", 0, 0, 0, 10, 0, 0, 0, 0, 0, 0, 0, 0, 0, 0, 2, 12
"d:\SocialNetworkApp\SocialNetworkApp\src\Application\Abstractions\IUploadService.cs", "C#", 0, 0, 0, 11, 0, 0, 0, 0, 0, 0, 0, 0, 0, 0, 1, 12
"d:\SocialNetworkApp\SocialNetworkApp\src\Application\Abstractions\Messaging\ICommand.cs", "C#", 0, 0, 0, 11, 0, 0, 0, 0, 0, 0, 0, 0, 0, 0, 2, 13
"d:\SocialNetworkApp\SocialNetworkApp\src\Application\Abstractions\Messaging\ICommandHandler.cs", "C#", 0, 0, 0, 14, 0, 0, 0, 0, 0, 0, 0, 0, 0, 0, 3, 17
"d:\SocialNetworkApp\SocialNetworkApp\src\Application\Abstractions\Messaging\IDomainEventHandler.cs", "C#", 0, 0, 0, 9, 0, 0, 0, 0, 0, 0, 0, 0, 0, 0, 3, 12
"d:\SocialNetworkApp\SocialNetworkApp\src\Application\Abstractions\Messaging\IQuery.cs", "C#", 0, 0, 0, 8, 0, 0, 0, 0, 0, 0, 0, 0, 0, 0, 2, 10
"d:\SocialNetworkApp\SocialNetworkApp\src\Application\Abstractions\Messaging\IQueryHandler.cs", "C#", 0, 0, 0, 10, 0, 0, 0, 0, 0, 0, 0, 0, 0, 0, 1, 11
"d:\SocialNetworkApp\SocialNetworkApp\src\Application\Abstractions\Repositories\IBirthdayRepository.cs", "C#", 0, 0, 0, 7, 0, 0, 0, 0, 0, 0, 0, 0, 0, 0, 3, 10
"d:\SocialNetworkApp\SocialNetworkApp\src\Application\Abstractions\Repositories\IConversationRepository.cs", "C#", 0, 0, 0, 44, 0, 0, 0, 0, 0, 0, 0, 0, 0, 15, 7, 66
"d:\SocialNetworkApp\SocialNetworkApp\src\Application\Abstractions\Repositories\IFeedRepository.cs", "C#", 0, 0, 0, 10, 0, 0, 0, 0, 0, 0, 0, 0, 0, 0, 2, 12
"d:\SocialNetworkApp\SocialNetworkApp\src\Application\Abstractions\Repositories\IFriendRequestRepository.cs", "C#", 0, 0, 0, 19, 0, 0, 0, 0, 0, 0, 0, 0, 0, 0, 8, 27
"d:\SocialNetworkApp\SocialNetworkApp\src\Application\Abstractions\Repositories\IFriendshipRepository.cs", "C#", 0, 0, 0, 24, 0, 0, 0, 0, 0, 0, 0, 0, 0, 0, 3, 27
"d:\SocialNetworkApp\SocialNetworkApp\src\Application\Abstractions\Repositories\IGroupReportRepository.cs", "C#", 0, 0, 0, 13, 0, 0, 0, 0, 0, 0, 0, 0, 0, 0, 2, 15
"d:\SocialNetworkApp\SocialNetworkApp\src\Application\Abstractions\Repositories\IGroupRepository.cs", "C#", 0, 0, 0, 16, 0, 0, 0, 0, 0, 0, 0, 0, 0, 0, 3, 19
"d:\SocialNetworkApp\SocialNetworkApp\src\Application\Abstractions\Repositories\IMessageRepository.cs", "C#", 0, 0, 0, 15, 0, 0, 0, 0, 0, 0, 0, 0, 0, 0, 2, 17
"d:\SocialNetworkApp\SocialNetworkApp\src\Application\Abstractions\Repositories\INotificationRepository.cs", "C#", 0, 0, 0, 11, 0, 0, 0, 0, 0, 0, 0, 0, 0, 0, 3, 14
"d:\SocialNetworkApp\SocialNetworkApp\src\Application\Abstractions\Repositories\IPostRepository.cs", "C#", 0, 0, 0, 44, 0, 0, 0, 0, 0, 0, 0, 0, 0, 0, 2, 46
"d:\SocialNetworkApp\SocialNetworkApp\src\Application\Abstractions\Repositories\IReelRepository.cs", "C#", 0, 0, 0, 24, 0, 0, 0, 0, 0, 0, 0, 0, 0, 0, 2, 26
"d:\SocialNetworkApp\SocialNetworkApp\src\Application\Abstractions\Repositories\ISchoolRepository.cs", "C#", 0, 0, 0, 15, 0, 0, 0, 0, 0, 0, 0, 0, 0, 0, 2, 17
"d:\SocialNetworkApp\SocialNetworkApp\src\Application\Abstractions\Repositories\IStoryRepository.cs", "C#", 0, 0, 0, 21, 0, 0, 0, 0, 0, 0, 0, 0, 0, 0, 3, 24
"d:\SocialNetworkApp\SocialNetworkApp\src\Application\Abstractions\Repositories\IUserRepository.cs", "C#", 0, 0, 0, 22, 0, 0, 0, 0, 0, 0, 0, 0, 0, 0, 2, 24
"d:\SocialNetworkApp\SocialNetworkApp\src\Application\Abstractions\Repositories\MessagesAroundResult.cs", "C#", 0, 0, 0, 7, 0, 0, 0, 0, 0, 0, 0, 0, 0, 0, 3, 10
"d:\SocialNetworkApp\SocialNetworkApp\src\Application\Abstractions\SignalR\ICallHubNotifier.cs", "C#", 0, 0, 0, 9, 0, 0, 0, 0, 0, 0, 0, 0, 0, 0, 2, 11
"d:\SocialNetworkApp\SocialNetworkApp\src\Application\Abstractions\SignalR\IChatHubNotifier.cs", "C#", 0, 0, 0, 12, 0, 0, 0, 0, 0, 0, 0, 0, 0, 0, 3, 15
"d:\SocialNetworkApp\SocialNetworkApp\src\Application\Abstractions\SignalR\INotificationHubNotifier.cs", "C#", 0, 0, 0, 6, 0, 0, 0, 0, 0, 0, 0, 0, 0, 7, 2, 15
"d:\SocialNetworkApp\SocialNetworkApp\src\Application\Abstractions\SignalR\IPresenceTracker.cs", "C#", 0, 0, 0, 14, 0, 0, 0, 0, 0, 0, 0, 0, 0, 0, 2, 16
"d:\SocialNetworkApp\SocialNetworkApp\src\Application\Abstractions\UploadedVideoResult.cs", "C#", 0, 0, 0, 7, 0, 0, 0, 0, 0, 0, 0, 0, 0, 0, 1, 8
"d:\SocialNetworkApp\SocialNetworkApp\src\Application\Application.csproj", "XML", 0, 0, 0, 0, 28, 0, 0, 0, 0, 0, 0, 0, 0, 0, 7, 35
"d:\SocialNetworkApp\SocialNetworkApp\src\Application\Auth\Commands\AdminLogin\AdminLoginCommand.cs", "C#", 0, 0, 0, 11, 0, 0, 0, 0, 0, 0, 0, 0, 0, 5, 3, 19
"d:\SocialNetworkApp\SocialNetworkApp\src\Application\Auth\Commands\AdminLogin\AdminLoginCommandHandler.cs", "C#", 0, 0, 0, 46, 0, 0, 0, 0, 0, 0, 0, 0, 0, 0, 9, 55
"d:\SocialNetworkApp\SocialNetworkApp\src\Application\Auth\Commands\Login\LoginCommand.cs", "C#", 0, 0, 0, 5, 0, 0, 0, 0, 0, 0, 0, 0, 0, 0, 3, 8
"d:\SocialNetworkApp\SocialNetworkApp\src\Application\Auth\Commands\Login\LoginCommandHandler.cs", "C#", 0, 0, 0, 30, 0, 0, 0, 0, 0, 0, 0, 0, 0, 0, 3, 33
"d:\SocialNetworkApp\SocialNetworkApp\src\Application\Auth\Commands\Register\RegisterCommand.cs", "C#", 0, 0, 0, 13, 0, 0, 0, 0, 0, 0, 0, 0, 0, 0, 2, 15
"d:\SocialNetworkApp\SocialNetworkApp\src\Application\Auth\Commands\Register\RegisterCommandHandler.cs", "C#", 0, 0, 0, 73, 0, 0, 0, 0, 0, 0, 0, 0, 0, 1, 8, 82
"d:\SocialNetworkApp\SocialNetworkApp\src\Application\Behaviors\ValidationPipelineBehavior.cs", "C#", 0, 0, 0, 50, 0, 0, 0, 0, 0, 0, 0, 0, 0, 0, 12, 62
"d:\SocialNetworkApp\SocialNetworkApp\src\Application\Conversations\Commands\AddMemberToConversation\AddMemberToConversationCommand.cs", "C#", 0, 0, 0, 7, 0, 0, 0, 0, 0, 0, 0, 0, 0, 0, 3, 10
"d:\SocialNetworkApp\SocialNetworkApp\src\Application\Conversations\Commands\AddMemberToConversation\AddMemberToConversationCommandHandler.cs", "C#", 0, 0, 0, 102, 0, 0, 0, 0, 0, 0, 0, 0, 0, 3, 21, 126
"d:\SocialNetworkApp\SocialNetworkApp\src\Application\Conversations\Commands\AssignAdminRole\AssignAdminRoleCommand.cs", "C#", 0, 0, 0, 7, 0, 0, 0, 0, 0, 0, 0, 0, 0, 0, 3, 10
"d:\SocialNetworkApp\SocialNetworkApp\src\Application\Conversations\Commands\AssignAdminRole\AssignAdminRoleCommandHandler.cs", "C#", 0, 0, 0, 30, 0, 0, 0, 0, 0, 0, 0, 0, 0, 0, 7, 37
"d:\SocialNetworkApp\SocialNetworkApp\src\Application\Conversations\Commands\BlockUser\BlockUserCommand.cs", "C#", 0, 0, 0, 6, 0, 0, 0, 0, 0, 0, 0, 0, 0, 0, 3, 9
"d:\SocialNetworkApp\SocialNetworkApp\src\Application\Conversations\Commands\BlockUser\BlockUserCommandHandler.cs", "C#", 0, 0, 0, 45, 0, 0, 0, 0, 0, 0, 0, 0, 0, 0, 10, 55
"d:\SocialNetworkApp\SocialNetworkApp\src\Application\Conversations\Commands\CreateConversation\CreateConversationCommand.cs", "C#", 0, 0, 0, 9, 0, 0, 0, 0, 0, 0, 0, 0, 0, 0, 2, 11
"d:\SocialNetworkApp\SocialNetworkApp\src\Application\Conversations\Commands\CreateConversation\CreateConversationCommandHandler.cs", "C#", 0, 0, 0, 70, 0, 0, 0, 0, 0, 0, 0, 0, 0, 0, 16, 86
"d:\SocialNetworkApp\SocialNetworkApp\src\Application\Conversations\Commands\KickMemberOut\KickMemberOutCommand.cs", "C#", 0, 0, 0, 7, 0, 0, 0, 0, 0, 0, 0, 0, 0, 0, 3, 10
"d:\SocialNetworkApp\SocialNetworkApp\src\Application\Conversations\Commands\KickMemberOut\KickMemberOutCommandHandler.cs", "C#", 0, 0, 0, 66, 0, 0, 0, 0, 0, 0, 0, 0, 0, 0, 12, 78
"d:\SocialNetworkApp\SocialNetworkApp\src\Application\Conversations\Commands\LeaveConversation\LeaveConversationCommand.cs", "C#", 0, 0, 0, 6, 0, 0, 0, 0, 0, 0, 0, 0, 0, 0, 3, 9
"d:\SocialNetworkApp\SocialNetworkApp\src\Application\Conversations\Commands\LeaveConversation\LeaveConversationCommandHandler.cs", "C#", 0, 0, 0, 66, 0, 0, 0, 0, 0, 0, 0, 0, 0, 0, 12, 78
"d:\SocialNetworkApp\SocialNetworkApp\src\Application\Conversations\Commands\RemoveMemberFromConversation\RemoveMemberFromConversationCommand.cs", "C#", 0, 0, 0, 6, 0, 0, 0, 0, 0, 0, 0, 0, 0, 0, 3, 9
"d:\SocialNetworkApp\SocialNetworkApp\src\Application\Conversations\Commands\RemoveMemberFromConversation\RemoveMemberFromConversationCommandHandler.cs", "C#", 0, 0, 0, 35, 0, 0, 0, 0, 0, 0, 0, 0, 0, 0, 10, 45
"d:\SocialNetworkApp\SocialNetworkApp\src\Application\Conversations\Commands\RevokeAdminRole\RevokeAdminRoleCommand.cs", "C#", 0, 0, 0, 7, 0, 0, 0, 0, 0, 0, 0, 0, 0, 0, 3, 10
"d:\SocialNetworkApp\SocialNetworkApp\src\Application\Conversations\Commands\RevokeAdminRole\RevokeAdminRoleCommandHandler.cs", "C#", 0, 0, 0, 30, 0, 0, 0, 0, 0, 0, 0, 0, 0, 0, 7, 37
"d:\SocialNetworkApp\SocialNetworkApp\src\Application\Conversations\Commands\ToggleNotifications\ToggleNotificationsCommand.cs", "C#", 0, 0, 0, 7, 0, 0, 0, 0, 0, 0, 0, 0, 0, 0, 2, 9
"d:\SocialNetworkApp\SocialNetworkApp\src\Application\Conversations\Commands\ToggleNotifications\ToggleNotificationsCommandHandler.cs", "C#", 0, 0, 0, 38, 0, 0, 0, 0, 0, 0, 0, 0, 0, 4, 8, 50
"d:\SocialNetworkApp\SocialNetworkApp\src\Application\Conversations\Commands\UnblockUser\UnblockUserCommand.cs", "C#", 0, 0, 0, 6, 0, 0, 0, 0, 0, 0, 0, 0, 0, 0, 3, 9
"d:\SocialNetworkApp\SocialNetworkApp\src\Application\Conversations\Commands\UnblockUser\UnblockUserCommandHandler.cs", "C#", 0, 0, 0, 40, 0, 0, 0, 0, 0, 0, 0, 0, 0, 0, 9, 49
"d:\SocialNetworkApp\SocialNetworkApp\src\Application\Conversations\Commands\UpdateConversation\UpdateConversationCommand.cs", "C#", 0, 0, 0, 10, 0, 0, 0, 0, 0, 0, 0, 0, 0, 0, 3, 13
"d:\SocialNetworkApp\SocialNetworkApp\src\Application\Conversations\Commands\UpdateConversation\UpdateConversationCommandHandler.cs", "C#", 0, 0, 0, 116, 0, 0, 0, 0, 0, 0, 0, 0, 0, 0, 24, 140
"d:\SocialNetworkApp\SocialNetworkApp\src\Application\Conversations\Commands\UploadConversationImage\UploadConversationImageCommand.cs", "C#", 0, 0, 0, 8, 0, 0, 0, 0, 0, 0, 0, 0, 0, 0, 3, 11
"d:\SocialNetworkApp\SocialNetworkApp\src\Application\Conversations\Commands\UploadConversationImage\UploadConversationImageCommandHandler.cs", "C#", 0, 0, 0, 95, 0, 0, 0, 0, 0, 0, 0, 0, 0, 0, 17, 112
"d:\SocialNetworkApp\SocialNetworkApp\src\Application\Conversations\Queries\GetConversationDetailByUserId\GetConversationDetailByUserIdQuery.cs", "C#", 0, 0, 0, 7, 0, 0, 0, 0, 0, 0, 0, 0, 0, 0, 2, 9
"d:\SocialNetworkApp\SocialNetworkApp\src\Application\Conversations\Queries\GetConversationDetailByUserId\GetConversationDetailByUserIdQueryHandler.cs", "C#", 0, 0, 0, 48, 0, 0, 0, 0, 0, 0, 0, 0, 0, 3, 8, 59
"d:\SocialNetworkApp\SocialNetworkApp\src\Application\Conversations\Queries\GetConversationDetail\GetConversationDetailQuery.cs", "C#", 0, 0, 0, 7, 0, 0, 0, 0, 0, 0, 0, 0, 0, 0, 1, 8
"d:\SocialNetworkApp\SocialNetworkApp\src\Application\Conversations\Queries\GetConversationDetail\GetConversationDetailQueryHandler.cs", "C#", 0, 0, 0, 39, 0, 0, 0, 0, 0, 0, 0, 0, 0, 0, 6, 45
"d:\SocialNetworkApp\SocialNetworkApp\src\Application\Conversations\Queries\GetConversationMembers\GetConversationMembersQuery.cs", "C#", 0, 0, 0, 9, 0, 0, 0, 0, 0, 0, 0, 0, 0, 0, 3, 12
"d:\SocialNetworkApp\SocialNetworkApp\src\Application\Conversations\Queries\GetConversationMembers\GetConversationMembersQueryHandler.cs", "C#", 0, 0, 0, 36, 0, 0, 0, 0, 0, 0, 0, 0, 0, 0, 9, 45
"d:\SocialNetworkApp\SocialNetworkApp\src\Application\Conversations\Queries\GetConversations\GetConversationsQuery.cs", "C#", 0, 0, 0, 12, 0, 0, 0, 0, 0, 0, 0, 0, 0, 0, 2, 14
"d:\SocialNetworkApp\SocialNetworkApp\src\Application\Conversations\Queries\GetConversations\GetConversationsQueryHandler.cs", "C#", 0, 0, 0, 34, 0, 0, 0, 0, 0, 0, 0, 0, 0, 0, 6, 40
"d:\SocialNetworkApp\SocialNetworkApp\src\Application\Conversations\Queries\SearchConversationsAndFriends\SearchConversationsAndFriendsQuery.cs", "C#", 0, 0, 0, 11, 0, 0, 0, 0, 0, 0, 0, 0, 0, 0, 2, 13
"d:\SocialNetworkApp\SocialNetworkApp\src\Application\Conversations\Queries\SearchConversationsAndFriends\SearchConversationsAndFriendsQueryHandler.cs", "C#", 0, 0, 0, 88, 0, 0, 0, 0, 0, 0, 0, 0, 0, 6, 13, 107
"d:\SocialNetworkApp\SocialNetworkApp\src\Application\DTOs\Conversations\ConversationDetailDto.cs", "C#", 0, 0, 0, 109, 0, 0, 0, 0, 0, 0, 0, 0, 0, 0, 11, 120
"d:\SocialNetworkApp\SocialNetworkApp\src\Application\DTOs\Conversations\ConversationSearchResponse.cs", "C#", 0, 0, 0, 11, 0, 0, 0, 0, 0, 0, 0, 0, 0, 0, 2, 13
"d:\SocialNetworkApp\SocialNetworkApp\src\Application\DTOs\Feeds\FeedPostDto.cs", "C#", 0, 0, 0, 13, 0, 0, 0, 0, 0, 0, 0, 0, 0, 0, 2, 15
"d:\SocialNetworkApp\SocialNetworkApp\src\Application\DTOs\Friends\FolloweeResponse.cs", "C#", 0, 0, 0, 7, 0, 0, 0, 0, 0, 0, 0, 0, 0, 0, 2, 9
"d:\SocialNetworkApp\SocialNetworkApp\src\Application\DTOs\Friends\FriendRequestDto.cs", "C#", 0, 0, 0, 15, 0, 0, 0, 0, 0, 0, 0, 0, 0, 0, 2, 17
"d:\SocialNetworkApp\SocialNetworkApp\src\Application\DTOs\Friends\FriendResponse.cs", "C#", 0, 0, 0, 11, 0, 0, 0, 0, 0, 0, 0, 0, 0, 0, 2, 13
"d:\SocialNetworkApp\SocialNetworkApp\src\Application\DTOs\Groups\GroupCardDto.cs", "C#", 0, 0, 0, 16, 0, 0, 0, 0, 0, 0, 0, 0, 0, 0, 3, 19
"d:\SocialNetworkApp\SocialNetworkApp\src\Application\DTOs\Groups\GroupDetailDto.cs", "C#", 0, 0, 0, 19, 0, 0, 0, 0, 0, 0, 0, 0, 0, 0, 2, 21
"d:\SocialNetworkApp\SocialNetworkApp\src\Application\DTOs\Groups\GroupDto.cs", "C#", 0, 0, 0, 12, 0, 0, 0, 0, 0, 0, 0, 0, 0, 0, 2, 14
"d:\SocialNetworkApp\SocialNetworkApp\src\Application\DTOs\Groups\GroupInsightsDto.cs", "C#", 0, 0, 0, 18, 0, 0, 0, 0, 0, 0, 0, 0, 0, 0, 2, 20
"d:\SocialNetworkApp\SocialNetworkApp\src\Application\DTOs\Groups\GroupJoinRequestDto.cs", "C#", 0, 0, 0, 14, 0, 0, 0, 0, 0, 0, 0, 0, 0, 0, 2, 16
"d:\SocialNetworkApp\SocialNetworkApp\src\Application\DTOs\Groups\GroupMemberDto.cs", "C#", 0, 0, 0, 14, 0, 0, 0, 0, 0, 0, 0, 0, 0, 0, 2, 16
"d:\SocialNetworkApp\SocialNetworkApp\src\Application\DTOs\Groups\GroupRuleResponse.cs", "C#", 0, 0, 0, 8, 0, 0, 0, 0, 0, 0, 0, 0, 0, 0, 1, 9
"d:\SocialNetworkApp\SocialNetworkApp\src\Application\DTOs\Groups\ReportedGroupContentDto.cs", "C#", 0, 0, 0, 23, 0, 0, 0, 0, 0, 0, 0, 0, 0, 0, 2, 25
"d:\SocialNetworkApp\SocialNetworkApp\src\Application\DTOs\Messages\AttachmentDto.cs", "C#", 0, 0, 0, 23, 0, 0, 0, 0, 0, 0, 0, 0, 0, 0, 2, 25
"d:\SocialNetworkApp\SocialNetworkApp\src\Application\DTOs\Messages\MessageDto.cs", "C#", 0, 0, 0, 74, 0, 0, 0, 0, 0, 0, 0, 0, 0, 0, 2, 76
"d:\SocialNetworkApp\SocialNetworkApp\src\Application\DTOs\Messages\MessageReactionDto.cs", "C#", 0, 0, 0, 23, 0, 0, 0, 0, 0, 0, 0, 0, 0, 0, 3, 26
"d:\SocialNetworkApp\SocialNetworkApp\src\Application\DTOs\Messages\MessagesAroundDto.cs", "C#", 0, 0, 0, 6, 0, 0, 0, 0, 0, 0, 0, 0, 0, 0, 2, 8
"d:\SocialNetworkApp\SocialNetworkApp\src\Application\DTOs\Notifications\NotificationDto.cs", "C#", 0, 0, 0, 24, 0, 0, 0, 0, 0, 0, 0, 0, 0, 0, 2, 26
"d:\SocialNetworkApp\SocialNetworkApp\src\Application\DTOs\Posts\PostCommentDto.cs", "C#", 0, 0, 0, 21, 0, 0, 0, 0, 0, 0, 0, 0, 0, 0, 2, 23
"d:\SocialNetworkApp\SocialNetworkApp\src\Application\DTOs\Posts\PostDto.cs", "C#", 0, 0, 0, 34, 0, 0, 0, 0, 0, 0, 0, 0, 0, 0, 2, 36
"d:\SocialNetworkApp\SocialNetworkApp\src\Application\DTOs\Posts\PostMediaDto.cs", "C#", 0, 0, 0, 11, 0, 0, 0, 0, 0, 0, 0, 0, 0, 0, 1, 12
"d:\SocialNetworkApp\SocialNetworkApp\src\Application\DTOs\Posts\PostMediaItemDto.cs", "C#", 0, 0, 0, 12, 0, 0, 0, 0, 0, 0, 0, 0, 0, 0, 1, 13
"d:\SocialNetworkApp\SocialNetworkApp\src\Application\DTOs\Posts\ReactionCountDto.cs", "C#", 0, 0, 0, 8, 0, 0, 0, 0, 0, 0, 0, 0, 0, 0, 2, 10
"d:\SocialNetworkApp\SocialNetworkApp\src\Application\DTOs\Posts\SavedPostDto.cs", "C#", 0, 0, 0, 8, 0, 0, 0, 0, 0, 0, 0, 0, 0, 0, 1, 9
"d:\SocialNetworkApp\SocialNetworkApp\src\Application\DTOs\Posts\TagDto.cs", "C#", 0, 0, 0, 7, 0, 0, 0, 0, 0, 0, 0, 0, 0, 0, 1, 8
"d:\SocialNetworkApp\SocialNetworkApp\src\Application\DTOs\Reels\ReelCommentDto.cs", "C#", 0, 0, 0, 18, 0, 0, 0, 0, 0, 0, 0, 0, 0, 0, 1, 19
"d:\SocialNetworkApp\SocialNetworkApp\src\Application\DTOs\Reels\ReelDto.cs", "C#", 0, 0, 0, 23, 0, 0, 0, 0, 0, 0, 0, 0, 0, 0, 2, 25
"d:\SocialNetworkApp\SocialNetworkApp\src\Application\DTOs\Schools\SchoolResponse.cs", "C#", 0, 0, 0, 15, 0, 0, 0, 0, 0, 0, 0, 0, 0, 0, 2, 17
"d:\SocialNetworkApp\SocialNetworkApp\src\Application\DTOs\Search\GlobalSearchResponse.cs", "C#", 0, 0, 0, 7, 0, 0, 0, 0, 0, 0, 0, 0, 0, 0, 2, 9
"d:\SocialNetworkApp\SocialNetworkApp\src\Application\DTOs\Search\SearchGroupDto.cs", "C#", 0, 0, 0, 11, 0, 0, 0, 0, 0, 0, 0, 0, 0, 0, 2, 13
"d:\SocialNetworkApp\SocialNetworkApp\src\Application\DTOs\Search\SearchPostDto.cs", "C#", 0, 0, 0, 17, 0, 0, 0, 0, 0, 0, 0, 0, 0, 0, 2, 19
"d:\SocialNetworkApp\SocialNetworkApp\src\Application\DTOs\Search\SearchReelDto.cs", "C#", 0, 0, 0, 17, 0, 0, 0, 0, 0, 0, 0, 0, 0, 0, 2, 19
"d:\SocialNetworkApp\SocialNetworkApp\src\Application\DTOs\Search\SearchUserDto.cs", "C#", 0, 0, 0, 10, 0, 0, 0, 0, 0, 0, 0, 0, 0, 0, 1, 11
"d:\SocialNetworkApp\SocialNetworkApp\src\Application\DTOs\Stories\StoryDto.cs", "C#", 0, 0, 0, 23, 0, 0, 0, 0, 0, 0, 0, 0, 0, 0, 2, 25
"d:\SocialNetworkApp\SocialNetworkApp\src\Application\DTOs\Stories\StoryTimelineUserDto.cs", "C#", 0, 0, 0, 7, 0, 0, 0, 0, 0, 0, 0, 0, 0, 0, 2, 9
"d:\SocialNetworkApp\SocialNetworkApp\src\Application\DTOs\Stories\StoryTimelineUserPageItem.cs", "C#", 0, 0, 0, 4, 0, 0, 0, 0, 0, 0, 0, 0, 0, 0, 2, 6
"d:\SocialNetworkApp\SocialNetworkApp\src\Application\DTOs\Users\BirthdayDto.cs", "C#", 0, 0, 0, 10, 0, 0, 0, 0, 0, 0, 0, 0, 0, 0, 2, 12
"d:\SocialNetworkApp\SocialNetworkApp\src\Application\DTOs\Users\PersonalInfoResponse.cs", "C#", 0, 0, 0, 26, 0, 0, 0, 0, 0, 0, 0, 0, 0, 0, 2, 28
"d:\SocialNetworkApp\SocialNetworkApp\src\Application\DTOs\Users\TaggableUserDto.cs", "C#", 0, 0, 0, 8, 0, 0, 0, 0, 0, 0, 0, 0, 0, 0, 1, 9
"d:\SocialNetworkApp\SocialNetworkApp\src\Application\DTOs\Users\UserFriendRequestDto.cs", "C#", 0, 0, 0, 10, 0, 0, 0, 0, 0, 0, 0, 0, 0, 0, 2, 12
"d:\SocialNetworkApp\SocialNetworkApp\src\Application\DTOs\Users\UserHoverCardResponse.cs", "C#", 0, 0, 0, 16, 0, 0, 0, 0, 0, 0, 0, 0, 0, 0, 3, 19
"d:\SocialNetworkApp\SocialNetworkApp\src\Application\DependencyInjection.cs", "C#", 0, 0, 0, 13, 0, 0, 0, 0, 0, 0, 0, 0, 0, 0, 1, 14
"d:\SocialNetworkApp\SocialNetworkApp\src\Application\Friend\Commands\AcceptFriendRequest\AcceptFriendRequestCommand.cs", "C#", 0, 0, 0, 6, 0, 0, 0, 0, 0, 0, 0, 0, 0, 0, 2, 8
"d:\SocialNetworkApp\SocialNetworkApp\src\Application\Friend\Commands\AcceptFriendRequest\AcceptFriendRequestCommandHandler.cs", "C#", 0, 0, 0, 79, 0, 0, 0, 0, 0, 0, 0, 0, 0, 8, 15, 102
"d:\SocialNetworkApp\SocialNetworkApp\src\Application\Friend\Commands\CancelFriendRequest\CancelFriendRequestCommand.cs", "C#", 0, 0, 0, 6, 0, 0, 0, 0, 0, 0, 0, 0, 0, 0, 3, 9
"d:\SocialNetworkApp\SocialNetworkApp\src\Application\Friend\Commands\CancelFriendRequest\CancelFriendRequestCommandHandler.cs", "C#", 0, 0, 0, 37, 0, 0, 0, 0, 0, 0, 0, 0, 0, 0, 8, 45
"d:\SocialNetworkApp\SocialNetworkApp\src\Application\Friend\Commands\RejectFriendRequest\RejectFriendRequestCommand.cs", "C#", 0, 0, 0, 6, 0, 0, 0, 0, 0, 0, 0, 0, 0, 0, 3, 9
"d:\SocialNetworkApp\SocialNetworkApp\src\Application\Friend\Commands\RejectFriendRequest\RejectFriendRequestCommandHandler.cs", "C#", 0, 0, 0, 54, 0, 0, 0, 0, 0, 0, 0, 0, 0, 4, 13, 71
"d:\SocialNetworkApp\SocialNetworkApp\src\Application\Friend\Commands\SendFriendRequest\SendFriendRequestCommand.cs", "C#", 0, 0, 0, 6, 0, 0, 0, 0, 0, 0, 0, 0, 0, 0, 2, 8
"d:\SocialNetworkApp\SocialNetworkApp\src\Application\Friend\Commands\SendFriendRequest\SendFriendRequestCommandHandler.cs", "C#", 0, 0, 0, 73, 0, 0, 0, 0, 0, 0, 0, 0, 0, 6, 12, 91
"d:\SocialNetworkApp\SocialNetworkApp\src\Application\Friend\Commands\SyncAllFriends\SyncAllFriendsCommand.cs", "C#", 0, 0, 0, 5, 0, 0, 0, 0, 0, 0, 0, 0, 0, 0, 2, 7
"d:\SocialNetworkApp\SocialNetworkApp\src\Application\Friend\Commands\SyncAllFriends\SyncAllFriendsCommandHandler.cs", "C#", 0, 0, 0, 66, 0, 0, 0, 0, 0, 0, 0, 0, 0, 0, 6, 72
"d:\SocialNetworkApp\SocialNetworkApp\src\Application\Friend\Commands\Unfriend\UnfriendCommand.cs", "C#", 0, 0, 0, 6, 0, 0, 0, 0, 0, 0, 0, 0, 0, 0, 3, 9
"d:\SocialNetworkApp\SocialNetworkApp\src\Application\Friend\Commands\Unfriend\UnfriendCommandHandler.cs", "C#", 0, 0, 0, 63, 0, 0, 0, 0, 0, 0, 0, 0, 0, 5, 13, 81
"d:\SocialNetworkApp\SocialNetworkApp\src\Application\Friend\Events\FriendRequestCreated\FriendRequestCreatedDomainEventHandler.cs", "C#", 0, 0, 0, 77, 0, 0, 0, 0, 0, 0, 0, 0, 0, 0, 12, 89
"d:\SocialNetworkApp\SocialNetworkApp\src\Application\Friend\Events\FriendshipCreated\FriendshipCreatedDomainEventHandler.cs", "C#", 0, 0, 0, 86, 0, 0, 0, 0, 0, 0, 0, 0, 0, 0, 12, 98
"d:\SocialNetworkApp\SocialNetworkApp\src\Application\Friend\Events\Unfriended\UnfriendedDomainEventHandler.cs", "C#", 0, 0, 0, 45, 0, 0, 0, 0, 0, 0, 0, 0, 0, 0, 6, 51
"d:\SocialNetworkApp\SocialNetworkApp\src\Application\Friend\Queries\GetFollowees\GetFolloweesQuery.cs", "C#", 0, 0, 0, 4, 0, 0, 0, 0, 0, 0, 0, 0, 0, 0, 3, 7
"d:\SocialNetworkApp\SocialNetworkApp\src\Application\Friend\Queries\GetFollowees\GetFolloweesQueryHandler.cs", "C#", 0, 0, 0, 38, 0, 0, 0, 0, 0, 0, 0, 0, 0, 0, 8, 46
"d:\SocialNetworkApp\SocialNetworkApp\src\Application\Friend\Queries\GetFriendRecommendations\GetFriendRecommendationsQuery.cs", "C#", 0, 0, 0, 7, 0, 0, 0, 0, 0, 0, 0, 0, 0, 0, 2, 9
"d:\SocialNetworkApp\SocialNetworkApp\src\Application\Friend\Queries\GetFriendRecommendations\GetFriendRecommendationsQueryHandler.cs", "C#", 0, 0, 0, 23, 0, 0, 0, 0, 0, 0, 0, 0, 0, 0, 4, 27
"d:\SocialNetworkApp\SocialNetworkApp\src\Application\Friend\Queries\GetFriends\GetFriendsQuery.cs", "C#", 0, 0, 0, 6, 0, 0, 0, 0, 0, 0, 0, 0, 0, 0, 3, 9
"d:\SocialNetworkApp\SocialNetworkApp\src\Application\Friend\Queries\GetFriends\GetFriendsQueryHandler.cs", "C#", 0, 0, 0, 39, 0, 0, 0, 0, 0, 0, 0, 0, 0, 0, 9, 48
"d:\SocialNetworkApp\SocialNetworkApp\src\Application\Friend\Queries\GetIncomingFriendRequests\GetIncomingFriendRequestsQuery.cs", "C#", 0, 0, 0, 10, 0, 0, 0, 0, 0, 0, 0, 0, 0, 0, 2, 12
"d:\SocialNetworkApp\SocialNetworkApp\src\Application\Friend\Queries\GetIncomingFriendRequests\GetIncomingFriendRequestsQueryHandler.cs", "C#", 0, 0, 0, 58, 0, 0, 0, 0, 0, 0, 0, 0, 0, 0, 10, 68
"d:\SocialNetworkApp\SocialNetworkApp\src\Application\Friend\Queries\GetMutualFriends\GetMutualFriendsQuery.cs", "C#", 0, 0, 0, 7, 0, 0, 0, 0, 0, 0, 0, 0, 0, 0, 2, 9
"d:\SocialNetworkApp\SocialNetworkApp\src\Application\Friend\Queries\GetMutualFriends\GetMutualFriendsQueryHandler.cs", "C#", 0, 0, 0, 23, 0, 0, 0, 0, 0, 0, 0, 0, 0, 0, 4, 27
"d:\SocialNetworkApp\SocialNetworkApp\src\Application\Friend\Queries\GetShortestPath\GetShortestPathQuery.cs", "C#", 0, 0, 0, 7, 0, 0, 0, 0, 0, 0, 0, 0, 0, 0, 2, 9
"d:\SocialNetworkApp\SocialNetworkApp\src\Application\Friend\Queries\GetShortestPath\GetShortestPathQueryHandler.cs", "C#", 0, 0, 0, 23, 0, 0, 0, 0, 0, 0, 0, 0, 0, 0, 4, 27
"d:\SocialNetworkApp\SocialNetworkApp\src\Application\Groups\Commands\AssignGroupRole\AssignGroupRoleCommand.cs", "C#", 0, 0, 0, 11, 0, 0, 0, 0, 0, 0, 0, 0, 0, 0, 2, 13
"d:\SocialNetworkApp\SocialNetworkApp\src\Application\Groups\Commands\AssignGroupRole\AssignGroupRoleCommandHandler.cs", "C#", 0, 0, 0, 92, 0, 0, 0, 0, 0, 0, 0, 0, 0, 0, 16, 108
"d:\SocialNetworkApp\SocialNetworkApp\src\Application\Groups\Commands\CreateGroupRule\CreateGroupRuleCommand.cs", "C#", 0, 0, 0, 10, 0, 0, 0, 0, 0, 0, 0, 0, 0, 0, 2, 12
"d:\SocialNetworkApp\SocialNetworkApp\src\Application\Groups\Commands\CreateGroupRule\CreateGroupRuleCommandHandler.cs", "C#", 0, 0, 0, 47, 0, 0, 0, 0, 0, 0, 0, 0, 0, 1, 9, 57
"d:\SocialNetworkApp\SocialNetworkApp\src\Application\Groups\Commands\CreateGroup\CreateGroupCommand.cs", "C#", 0, 0, 0, 10, 0, 0, 0, 0, 0, 0, 0, 0, 0, 0, 2, 12
"d:\SocialNetworkApp\SocialNetworkApp\src\Application\Groups\Commands\CreateGroup\CreateGroupCommandHandler.cs", "C#", 0, 0, 0, 60, 0, 0, 0, 0, 0, 0, 0, 0, 0, 1, 9, 70
"d:\SocialNetworkApp\SocialNetworkApp\src\Application\Groups\Commands\DeleteGroupRule\DeleteGroupRuleCommand.cs", "C#", 0, 0, 0, 9, 0, 0, 0, 0, 0, 0, 0, 0, 0, 0, 2, 11
"d:\SocialNetworkApp\SocialNetworkApp\src\Application\Groups\Commands\DeleteGroupRule\DeleteGroupRuleCommandHandler.cs", "C#", 0, 0, 0, 49, 0, 0, 0, 0, 0, 0, 0, 0, 0, 1, 9, 59
"d:\SocialNetworkApp\SocialNetworkApp\src\Application\Groups\Commands\ExecuteReportedContent\ExecuteReportedContentCommand.cs", "C#", 0, 0, 0, 10, 0, 0, 0, 0, 0, 0, 0, 0, 0, 0, 2, 12
"d:\SocialNetworkApp\SocialNetworkApp\src\Application\Groups\Commands\ExecuteReportedContent\ExecuteReportedContentCommandHandler.cs", "C#", 0, 0, 0, 85, 0, 0, 0, 0, 0, 0, 0, 0, 0, 0, 13, 98
"d:\SocialNetworkApp\SocialNetworkApp\src\Application\Groups\Commands\JoinGroup\JoinGroupCommand.cs", "C#", 0, 0, 0, 8, 0, 0, 0, 0, 0, 0, 0, 0, 0, 0, 2, 10
"d:\SocialNetworkApp\SocialNetworkApp\src\Application\Groups\Commands\JoinGroup\JoinGroupCommandHandler.cs", "C#", 0, 0, 0, 67, 0, 0, 0, 0, 0, 0, 0, 0, 0, 3, 11, 81
"d:\SocialNetworkApp\SocialNetworkApp\src\Application\Groups\Commands\LeaveGroup\LeaveGroupCommand.cs", "C#", 0, 0, 0, 7, 0, 0, 0, 0, 0, 0, 0, 0, 0, 0, 2, 9
"d:\SocialNetworkApp\SocialNetworkApp\src\Application\Groups\Commands\LeaveGroup\LeaveGroupCommandHandler.cs", "C#", 0, 0, 0, 45, 0, 0, 0, 0, 0, 0, 0, 0, 0, 0, 8, 53
"d:\SocialNetworkApp\SocialNetworkApp\src\Application\Groups\Commands\ReportGroupPost\ReportGroupPostCommand.cs", "C#", 0, 0, 0, 11, 0, 0, 0, 0, 0, 0, 0, 0, 0, 0, 2, 13
"d:\SocialNetworkApp\SocialNetworkApp\src\Application\Groups\Commands\ReportGroupPost\ReportGroupPostCommandHandler.cs", "C#", 0, 0, 0, 78, 0, 0, 0, 0, 0, 0, 0, 0, 0, 0, 13, 91
"d:\SocialNetworkApp\SocialNetworkApp\src\Application\Groups\Commands\ReviewGroupJoinRequest\ReviewGroupJoinRequestCommand.cs", "C#", 0, 0, 0, 10, 0, 0, 0, 0, 0, 0, 0, 0, 0, 0, 2, 12
"d:\SocialNetworkApp\SocialNetworkApp\src\Application\Groups\Commands\ReviewGroupJoinRequest\ReviewGroupJoinRequestCommandHandler.cs", "C#", 0, 0, 0, 73, 0, 0, 0, 0, 0, 0, 0, 0, 0, 3, 11, 87
"d:\SocialNetworkApp\SocialNetworkApp\src\Application\Groups\Commands\ReviewGroupPost\ReviewGroupPostCommand.cs", "C#", 0, 0, 0, 9, 0, 0, 0, 0, 0, 0, 0, 0, 0, 0, 2, 11
"d:\SocialNetworkApp\SocialNetworkApp\src\Application\Groups\Commands\ReviewGroupPost\ReviewGroupPostCommandHandler.cs", "C#", 0, 0, 0, 68, 0, 0, 0, 0, 0, 0, 0, 0, 0, 0, 11, 79
"d:\SocialNetworkApp\SocialNetworkApp\src\Application\Groups\Commands\UpdateGroupRule\UpdateGroupRuleCommand.cs", "C#", 0, 0, 0, 11, 0, 0, 0, 0, 0, 0, 0, 0, 0, 0, 2, 13
"d:\SocialNetworkApp\SocialNetworkApp\src\Application\Groups\Commands\UpdateGroupRule\UpdateGroupRuleCommandHandler.cs", "C#", 0, 0, 0, 55, 0, 0, 0, 0, 0, 0, 0, 0, 0, 1, 10, 66
"d:\SocialNetworkApp\SocialNetworkApp\src\Application\Groups\Commands\UpdateGroup\UpdateGroupCommand.cs", "C#", 0, 0, 0, 14, 0, 0, 0, 0, 0, 0, 0, 0, 0, 0, 2, 16
"d:\SocialNetworkApp\SocialNetworkApp\src\Application\Groups\Commands\UpdateGroup\UpdateGroupCommandHandler.cs", "C#", 0, 0, 0, 50, 0, 0, 0, 0, 0, 0, 0, 0, 0, 0, 9, 59
"d:\SocialNetworkApp\SocialNetworkApp\src\Application\Groups\Commands\UploadGroupCoverPhoto\UploadGroupCoverPhotoCommand.cs", "C#", 0, 0, 0, 7, 0, 0, 0, 0, 0, 0, 0, 0, 0, 0, 2, 9
"d:\SocialNetworkApp\SocialNetworkApp\src\Application\Groups\Commands\UploadGroupCoverPhoto\UploadGroupCoverPhotoCommandHandler.cs", "C#", 0, 0, 0, 53, 0, 0, 0, 0, 0, 0, 0, 0, 0, 0, 7, 60
"d:\SocialNetworkApp\SocialNetworkApp\src\Application\Groups\Events\GroupJoinRequestAccepted\GroupJoinRequestAcceptedDomainEventHandler.cs", "C#", 0, 0, 0, 80, 0, 0, 0, 0, 0, 0, 0, 0, 0, 0, 13, 93
"d:\SocialNetworkApp\SocialNetworkApp\src\Application\Groups\Queries\GetGroupDetail\GetGroupDetailQuery.cs", "C#", 0, 0, 0, 8, 0, 0, 0, 0, 0, 0, 0, 0, 0, 0, 2, 10
"d:\SocialNetworkApp\SocialNetworkApp\src\Application\Groups\Queries\GetGroupDetail\GetGroupDetailQueryHandler.cs", "C#", 0, 0, 0, 49, 0, 0, 0, 0, 0, 0, 0, 0, 0, 0, 8, 57
"d:\SocialNetworkApp\SocialNetworkApp\src\Application\Groups\Queries\GetGroupInsights\GetGroupInsightsQuery.cs", "C#", 0, 0, 0, 10, 0, 0, 0, 0, 0, 0, 0, 0, 0, 0, 2, 12
"d:\SocialNetworkApp\SocialNetworkApp\src\Application\Groups\Queries\GetGroupInsights\GetGroupInsightsQueryHandler.cs", "C#", 0, 0, 0, 113, 0, 0, 0, 0, 0, 0, 0, 0, 0, 9, 20, 142
"d:\SocialNetworkApp\SocialNetworkApp\src\Application\Groups\Queries\GetGroupJoinRequests\GetGroupJoinRequestsQuery.cs", "C#", 0, 0, 0, 14, 0, 0, 0, 0, 0, 0, 0, 0, 0, 0, 2, 16
"d:\SocialNetworkApp\SocialNetworkApp\src\Application\Groups\Queries\GetGroupJoinRequests\GetGroupJoinRequestsQueryHandler.cs", "C#", 0, 0, 0, 60, 0, 0, 0, 0, 0, 0, 0, 0, 0, 0, 8, 68
"d:\SocialNetworkApp\SocialNetworkApp\src\Application\Groups\Queries\GetGroupMembers\GetGroupMembersQuery.cs", "C#", 0, 0, 0, 13, 0, 0, 0, 0, 0, 0, 0, 0, 0, 0, 2, 15
"d:\SocialNetworkApp\SocialNetworkApp\src\Application\Groups\Queries\GetGroupMembers\GetGroupMembersQueryHandler.cs", "C#", 0, 0, 0, 53, 0, 0, 0, 0, 0, 0, 0, 0, 0, 0, 7, 60
"d:\SocialNetworkApp\SocialNetworkApp\src\Application\Groups\Queries\GetGroupRules\GetGroupRulesQuery.cs", "C#", 0, 0, 0, 7, 0, 0, 0, 0, 0, 0, 0, 0, 0, 0, 2, 9
"d:\SocialNetworkApp\SocialNetworkApp\src\Application\Groups\Queries\GetGroupRules\GetGroupRulesQueryHandler.cs", "C#", 0, 0, 0, 33, 0, 0, 0, 0, 0, 0, 0, 0, 0, 0, 6, 39
"d:\SocialNetworkApp\SocialNetworkApp\src\Application\Groups\Queries\GetGroups\GetGroupsQuery.cs", "C#", 0, 0, 0, 11, 0, 0, 0, 0, 0, 0, 0, 0, 0, 0, 3, 14
"d:\SocialNetworkApp\SocialNetworkApp\src\Application\Groups\Queries\GetGroups\GetGroupsQueryHandler.cs", "C#", 0, 0, 0, 27, 0, 0, 0, 0, 0, 0, 0, 0, 0, 0, 7, 34
"d:\SocialNetworkApp\SocialNetworkApp\src\Application\Groups\Queries\GetReportedContents\GetReportedContentsQuery.cs", "C#", 0, 0, 0, 13, 0, 0, 0, 0, 0, 0, 0, 0, 0, 0, 2, 15
"d:\SocialNetworkApp\SocialNetworkApp\src\Application\Groups\Queries\GetReportedContents\GetReportedContentsQueryHandler.cs", "C#", 0, 0, 0, 71, 0, 0, 0, 0, 0, 0, 0, 0, 0, 0, 8, 79
"d:\SocialNetworkApp\SocialNetworkApp\src\Application\Messages\Commands\ForwardMessage\ForwardMessageCommand.cs", "C#", 0, 0, 0, 6, 0, 0, 0, 0, 0, 0, 0, 0, 0, 0, 3, 9
"d:\SocialNetworkApp\SocialNetworkApp\src\Application\Messages\Commands\ForwardMessage\ForwardMessageCommandHandler.cs", "C#", 0, 0, 0, 48, 0, 0, 0, 0, 0, 0, 0, 0, 0, 0, 12, 60
"d:\SocialNetworkApp\SocialNetworkApp\src\Application\Messages\Commands\InvokeMessage\InvokeMessageCommand.cs", "C#", 0, 0, 0, 3, 0, 0, 0, 0, 0, 0, 0, 0, 0, 0, 3, 6
"d:\SocialNetworkApp\SocialNetworkApp\src\Application\Messages\Commands\InvokeMessage\InvokeMessageCommandHandler.cs", "C#", 0, 0, 0, 36, 0, 0, 0, 0, 0, 0, 0, 0, 0, 0, 10, 46
"d:\SocialNetworkApp\SocialNetworkApp\src\Application\Messages\Commands\MarkMessagesAsSeen\MarkMessagesAsSeenCommand.cs", "C#", 0, 0, 0, 7, 0, 0, 0, 0, 0, 0, 0, 0, 0, 0, 3, 10
"d:\SocialNetworkApp\SocialNetworkApp\src\Application\Messages\Commands\MarkMessagesAsSeen\MarkMessagesAsSeenCommandHandler.cs", "C#", 0, 0, 0, 32, 0, 0, 0, 0, 0, 0, 0, 0, 0, 0, 8, 40
"d:\SocialNetworkApp\SocialNetworkApp\src\Application\Messages\Commands\ReactToMessage\ReactToMessageCommand.cs", "C#", 0, 0, 0, 9, 0, 0, 0, 0, 0, 0, 0, 0, 0, 0, 3, 12
"d:\SocialNetworkApp\SocialNetworkApp\src\Application\Messages\Commands\ReactToMessage\ReactToMessageCommandHandler.cs", "C#", 0, 0, 0, 35, 0, 0, 0, 0, 0, 0, 0, 0, 0, 0, 8, 43
"d:\SocialNetworkApp\SocialNetworkApp\src\Application\Messages\Commands\SendMessage\SendMessageCommand.cs", "C#", 0, 0, 0, 17, 0, 0, 0, 0, 0, 0, 0, 0, 0, 0, 3, 20
"d:\SocialNetworkApp\SocialNetworkApp\src\Application\Messages\Commands\SendMessage\SendMessageCommandHandler.cs", "C#", 0, 0, 0, 91, 0, 0, 0, 0, 0, 0, 0, 0, 0, 5, 15, 111
"d:\SocialNetworkApp\SocialNetworkApp\src\Application\Messages\Commands\TogglePinMessage\TogglePinMessageCommand.cs", "C#", 0, 0, 0, 6, 0, 0, 0, 0, 0, 0, 0, 0, 0, 0, 3, 9
"d:\SocialNetworkApp\SocialNetworkApp\src\Application\Messages\Commands\TogglePinMessage\TogglePinMessageCommandHandler.cs", "C#", 0, 0, 0, 44, 0, 0, 0, 0, 0, 0, 0, 0, 0, 0, 8, 52
"d:\SocialNetworkApp\SocialNetworkApp\src\Application\Messages\Commands\UpdateMessage\UpdateMessageCommand.cs", "C#", 0, 0, 0, 10, 0, 0, 0, 0, 0, 0, 0, 0, 0, 0, 2, 12
"d:\SocialNetworkApp\SocialNetworkApp\src\Application\Messages\Commands\UpdateMessage\UpdateMessageCommandHandler.cs", "C#", 0, 0, 0, 40, 0, 0, 0, 0, 0, 0, 0, 0, 0, 0, 9, 49
"d:\SocialNetworkApp\SocialNetworkApp\src\Application\Messages\Queries\GetFilesByConversationId\GetFilesByConversationIdQuery.cs", "C#", 0, 0, 0, 9, 0, 0, 0, 0, 0, 0, 0, 0, 0, 0, 3, 12
"d:\SocialNetworkApp\SocialNetworkApp\src\Application\Messages\Queries\GetFilesByConversationId\GetFilesByConversationIdQueryHandler.cs", "C#", 0, 0, 0, 39, 0, 0, 0, 0, 0, 0, 0, 0, 0, 0, 8, 47
"d:\SocialNetworkApp\SocialNetworkApp\src\Application\Messages\Queries\GetMessagesAround\GetMessagesAroundQuery.cs", "C#", 0, 0, 0, 9, 0, 0, 0, 0, 0, 0, 0, 0, 0, 0, 3, 12
"d:\SocialNetworkApp\SocialNetworkApp\src\Application\Messages\Queries\GetMessagesAround\GetMessagesAroundQueryHandler.cs", "C#", 0, 0, 0, 43, 0, 0, 0, 0, 0, 0, 0, 0, 0, 3, 8, 54
"d:\SocialNetworkApp\SocialNetworkApp\src\Application\Messages\Queries\GetPinnedMessages\GetPinnedMessagesQuery.cs", "C#", 0, 0, 0, 9, 0, 0, 0, 0, 0, 0, 0, 0, 0, 0, 3, 12
"d:\SocialNetworkApp\SocialNetworkApp\src\Application\Messages\Queries\GetPinnedMessages\GetPinnedMessagesQueryHandler.cs", "C#", 0, 0, 0, 42, 0, 0, 0, 0, 0, 0, 0, 0, 0, 0, 8, 50
"d:\SocialNetworkApp\SocialNetworkApp\src\Application\Messages\Queries\SearchMessages\SearchMessagesQuery.cs", "C#", 0, 0, 0, 9, 0, 0, 0, 0, 0, 0, 0, 0, 0, 0, 3, 12
"d:\SocialNetworkApp\SocialNetworkApp\src\Application\Messages\Queries\SearchMessages\SearchMessagesQueryHandler.cs", "C#", 0, 0, 0, 43, 0, 0, 0, 0, 0, 0, 0, 0, 0, 0, 9, 52
"d:\SocialNetworkApp\SocialNetworkApp\src\Application\Notifications\Commands\MarkNotificationAsSeen\MarkNotificationAsSeenCommand.cs", "C#", 0, 0, 0, 6, 0, 0, 0, 0, 0, 0, 0, 0, 0, 0, 3, 9
"d:\SocialNetworkApp\SocialNetworkApp\src\Application\Notifications\Commands\MarkNotificationAsSeen\MarkNotificationAsSeenCommandHandler.cs", "C#", 0, 0, 0, 29, 0, 0, 0, 0, 0, 0, 0, 0, 0, 0, 7, 36
"d:\SocialNetworkApp\SocialNetworkApp\src\Application\Notifications\Commands\MarkNotificationAsSeen\MarkNotificationAsSeenResponse.cs", "C#", 0, 0, 0, 2, 0, 0, 0, 0, 0, 0, 0, 0, 0, 0, 2, 4
"d:\SocialNetworkApp\SocialNetworkApp\src\Application\Notifications\Queries\GetPagedNotifications\GetPagedNotificationsQuery.cs", "C#", 0, 0, 0, 12, 0, 0, 0, 0, 0, 0, 0, 0, 0, 0, 2, 14
"d:\SocialNetworkApp\SocialNetworkApp\src\Application\Notifications\Queries\GetPagedNotifications\GetPagedNotificationsQueryHandler.cs", "C#", 0, 0, 0, 59, 0, 0, 0, 0, 0, 0, 0, 0, 0, 0, 8, 67
"d:\SocialNetworkApp\SocialNetworkApp\src\Application\Posts\Commands\CreateComment\CreateCommentCommand.cs", "C#", 0, 0, 0, 11, 0, 0, 0, 0, 0, 0, 0, 0, 0, 0, 2, 13
"d:\SocialNetworkApp\SocialNetworkApp\src\Application\Posts\Commands\CreateComment\CreateCommentCommandHandler.cs", "C#", 0, 0, 0, 103, 0, 0, 0, 0, 0, 0, 0, 0, 0, 1, 15, 119
"d:\SocialNetworkApp\SocialNetworkApp\src\Application\Posts\Commands\CreatePost\CreatePostCommand.cs", "C#", 0, 0, 0, 22, 0, 0, 0, 0, 0, 0, 0, 0, 0, 0, 3, 25
"d:\SocialNetworkApp\SocialNetworkApp\src\Application\Posts\Commands\CreatePost\CreatePostCommandHandler.cs", "C#", 0, 0, 0, 231, 0, 0, 0, 0, 0, 0, 0, 0, 0, 2, 33, 266
"d:\SocialNetworkApp\SocialNetworkApp\src\Application\Posts\Commands\MarkLatestFeedAsSeen\MarkLatestFeedAsSeenCommand.cs", "C#", 0, 0, 0, 9, 0, 0, 0, 0, 0, 0, 0, 0, 0, 0, 3, 12
"d:\SocialNetworkApp\SocialNetworkApp\src\Application\Posts\Commands\MarkLatestFeedAsSeen\MarkLatestFeedAsSeenCommandHandler.cs", "C#", 0, 0, 0, 22, 0, 0, 0, 0, 0, 0, 0, 0, 0, 0, 5, 27
"d:\SocialNetworkApp\SocialNetworkApp\src\Application\Posts\Commands\ReactToComment\ReactToCommentCommand.cs", "C#", 0, 0, 0, 10, 0, 0, 0, 0, 0, 0, 0, 0, 0, 0, 2, 12
"d:\SocialNetworkApp\SocialNetworkApp\src\Application\Posts\Commands\ReactToComment\ReactToCommentCommandHandler.cs", "C#", 0, 0, 0, 59, 0, 0, 0, 0, 0, 0, 0, 0, 0, 0, 9, 68
"d:\SocialNetworkApp\SocialNetworkApp\src\Application\Posts\Commands\ReactToPost\ReactToPostCommand.cs", "C#", 0, 0, 0, 10, 0, 0, 0, 0, 0, 0, 0, 0, 0, 0, 2, 12
"d:\SocialNetworkApp\SocialNetworkApp\src\Application\Posts\Commands\ReactToPost\ReactToPostCommandHandler.cs", "C#", 0, 0, 0, 66, 0, 0, 0, 0, 0, 0, 0, 0, 0, 0, 11, 77
"d:\SocialNetworkApp\SocialNetworkApp\src\Application\Posts\Commands\SavePost\SavePostCommand.cs", "C#", 0, 0, 0, 8, 0, 0, 0, 0, 0, 0, 0, 0, 0, 0, 2, 10
"d:\SocialNetworkApp\SocialNetworkApp\src\Application\Posts\Commands\SavePost\SavePostCommandHandler.cs", "C#", 0, 0, 0, 52, 0, 0, 0, 0, 0, 0, 0, 0, 0, 0, 9, 61
"d:\SocialNetworkApp\SocialNetworkApp\src\Application\Posts\Commands\SharePost\SharePostCommand.cs", "C#", 0, 0, 0, 11, 0, 0, 0, 0, 0, 0, 0, 0, 0, 0, 2, 13
"d:\SocialNetworkApp\SocialNetworkApp\src\Application\Posts\Commands\SharePost\SharePostCommandHandler.cs", "C#", 0, 0, 0, 57, 0, 0, 0, 0, 0, 0, 0, 0, 0, 6, 11, 74
"d:\SocialNetworkApp\SocialNetworkApp\src\Application\Posts\Commands\UnsavePost\UnsavePostCommand.cs", "C#", 0, 0, 0, 8, 0, 0, 0, 0, 0, 0, 0, 0, 0, 0, 2, 10
"d:\SocialNetworkApp\SocialNetworkApp\src\Application\Posts\Commands\UnsavePost\UnsavePostCommandHandler.cs", "C#", 0, 0, 0, 40, 0, 0, 0, 0, 0, 0, 0, 0, 0, 0, 7, 47
"d:\SocialNetworkApp\SocialNetworkApp\src\Application\Posts\Commands\UpdatePost\UpdatePostCommand.cs", "C#", 0, 0, 0, 16, 0, 0, 0, 0, 0, 0, 0, 0, 0, 0, 2, 18
"d:\SocialNetworkApp\SocialNetworkApp\src\Application\Posts\Commands\UpdatePost\UpdatePostCommandHandler.cs", "C#", 0, 0, 0, 131, 0, 0, 0, 0, 0, 0, 0, 0, 0, 0, 19, 150
"d:\SocialNetworkApp\SocialNetworkApp\src\Application\Posts\Events\CommentCreated\CommentCreatedDomainEventHandler.cs", "C#", 0, 0, 0, 110, 0, 0, 0, 0, 0, 0, 0, 0, 0, 2, 14, 126
"d:\SocialNetworkApp\SocialNetworkApp\src\Application\Posts\Events\PostCreated\PostCreatedDomainEventHandler.cs", "C#", 0, 0, 0, 82, 0, 0, 0, 0, 0, 0, 0, 0, 0, 0, 14, 96
"d:\SocialNetworkApp\SocialNetworkApp\src\Application\Posts\Queries\GetComments\GetCommentsQuery.cs", "C#", 0, 0, 0, 13, 0, 0, 0, 0, 0, 0, 0, 0, 0, 0, 2, 15
"d:\SocialNetworkApp\SocialNetworkApp\src\Application\Posts\Queries\GetComments\GetCommentsQueryHandler.cs", "C#", 0, 0, 0, 98, 0, 0, 0, 0, 0, 0, 0, 0, 0, 0, 15, 113
"d:\SocialNetworkApp\SocialNetworkApp\src\Application\Posts\Queries\GetDetailPost\GetDetailPostQuery.cs", "C#", 0, 0, 0, 6, 0, 0, 0, 0, 0, 0, 0, 0, 0, 0, 2, 8
"d:\SocialNetworkApp\SocialNetworkApp\src\Application\Posts\Queries\GetDetailPost\GetDetailPostQueryHandler.cs", "C#", 0, 0, 0, 26, 0, 0, 0, 0, 0, 0, 0, 0, 0, 0, 5, 31
"d:\SocialNetworkApp\SocialNetworkApp\src\Application\Posts\Queries\GetFeedPosts\GetFeedPostsQuery.cs", "C#", 0, 0, 0, 12, 0, 0, 0, 0, 0, 0, 0, 0, 0, 0, 2, 14
"d:\SocialNetworkApp\SocialNetworkApp\src\Application\Posts\Queries\GetFeedPosts\GetFeedPostsQueryHandler.cs", "C#", 0, 0, 0, 23, 0, 0, 0, 0, 0, 0, 0, 0, 0, 0, 6, 29
"d:\SocialNetworkApp\SocialNetworkApp\src\Application\Posts\Queries\GetPossibleTags\GetPossibleTagsQuery.cs", "C#", 0, 0, 0, 12, 0, 0, 0, 0, 0, 0, 0, 0, 0, 0, 2, 14
"d:\SocialNetworkApp\SocialNetworkApp\src\Application\Posts\Queries\GetPossibleTags\GetPossibleTagsQueryHandler.cs", "C#", 0, 0, 0, 34, 0, 0, 0, 0, 0, 0, 0, 0, 0, 0, 7, 41
"d:\SocialNetworkApp\SocialNetworkApp\src\Application\Posts\Queries\GetPostMediasByGroup\GetPostMediasByGroupQuery.cs", "C#", 0, 0, 0, 11, 0, 0, 0, 0, 0, 0, 0, 0, 0, 0, 2, 13
"d:\SocialNetworkApp\SocialNetworkApp\src\Application\Posts\Queries\GetPostMediasByGroup\GetPostMediasByGroupQueryHandler.cs", "C#", 0, 0, 0, 57, 0, 0, 0, 0, 0, 0, 0, 0, 0, 0, 9, 66
"d:\SocialNetworkApp\SocialNetworkApp\src\Application\Posts\Queries\GetPostMediasByUser\GetPostMediasByUserQuery.cs", "C#", 0, 0, 0, 11, 0, 0, 0, 0, 0, 0, 0, 0, 0, 0, 2, 13
"d:\SocialNetworkApp\SocialNetworkApp\src\Application\Posts\Queries\GetPostMediasByUser\GetPostMediasByUserQueryHandler.cs", "C#", 0, 0, 0, 57, 0, 0, 0, 0, 0, 0, 0, 0, 0, 0, 9, 66
"d:\SocialNetworkApp\SocialNetworkApp\src\Application\Posts\Queries\GetPostsByGroup\GetPostsByGroupQuery.cs", "C#", 0, 0, 0, 15, 0, 0, 0, 0, 0, 0, 0, 0, 0, 0, 2, 17
"d:\SocialNetworkApp\SocialNetworkApp\src\Application\Posts\Queries\GetPostsByGroup\GetPostsByGroupQueryHandler.cs", "C#", 0, 0, 0, 160, 0, 0, 0, 0, 0, 0, 0, 0, 0, 0, 19, 179
"d:\SocialNetworkApp\SocialNetworkApp\src\Application\Posts\Queries\GetPostsByPerson\GetPostsByPersonQuery.cs", "C#", 0, 0, 0, 12, 0, 0, 0, 0, 0, 0, 0, 0, 0, 0, 2, 14
"d:\SocialNetworkApp\SocialNetworkApp\src\Application\Posts\Queries\GetPostsByPerson\GetPostsByPersonQueryHandler.cs", "C#", 0, 0, 0, 129, 0, 0, 0, 0, 0, 0, 0, 0, 0, 0, 11, 140
"d:\SocialNetworkApp\SocialNetworkApp\src\Application\Posts\Queries\GetSavedPosts\GetSavedPostsQuery.cs", "C#", 0, 0, 0, 11, 0, 0, 0, 0, 0, 0, 0, 0, 0, 0, 2, 13
"d:\SocialNetworkApp\SocialNetworkApp\src\Application\Posts\Queries\GetSavedPosts\GetSavedPostsQueryHandler.cs", "C#", 0, 0, 0, 140, 0, 0, 0, 0, 0, 0, 0, 0, 0, 0, 15, 155
"d:\SocialNetworkApp\SocialNetworkApp\src\Application\Posts\Queries\SearchPosts\SearchPostsQuery.cs", "C#", 0, 0, 0, 13, 0, 0, 0, 0, 0, 0, 0, 0, 0, 0, 2, 15
"d:\SocialNetworkApp\SocialNetworkApp\src\Application\Posts\Queries\SearchPosts\SearchPostsQueryHandler.cs", "C#", 0, 0, 0, 25, 0, 0, 0, 0, 0, 0, 0, 0, 0, 0, 7, 32
"d:\SocialNetworkApp\SocialNetworkApp\src\Application\Reels\Commands\CreateReelComment\CreateReelCommentCommand.cs", "C#", 0, 0, 0, 9, 0, 0, 0, 0, 0, 0, 0, 0, 0, 0, 3, 12
"d:\SocialNetworkApp\SocialNetworkApp\src\Application\Reels\Commands\CreateReelComment\CreateReelCommentCommandHandler.cs", "C#", 0, 0, 0, 92, 0, 0, 0, 0, 0, 0, 0, 0, 0, 0, 14, 106
"d:\SocialNetworkApp\SocialNetworkApp\src\Application\Reels\Commands\CreateReel\CreateReelCommand.cs", "C#", 0, 0, 0, 18, 0, 0, 0, 0, 0, 0, 0, 0, 0, 0, 3, 21
"d:\SocialNetworkApp\SocialNetworkApp\src\Application\Reels\Commands\CreateReel\CreateReelCommandHandler.cs", "C#", 0, 0, 0, 97, 0, 0, 0, 0, 0, 0, 0, 0, 0, 0, 16, 113
"d:\SocialNetworkApp\SocialNetworkApp\src\Application\Reels\Commands\DeleteReel\DeleteReelCommand.cs", "C#", 0, 0, 0, 8, 0, 0, 0, 0, 0, 0, 0, 0, 0, 0, 2, 10
"d:\SocialNetworkApp\SocialNetworkApp\src\Application\Reels\Commands\DeleteReel\DeleteReelCommandHandler.cs", "C#", 0, 0, 0, 38, 0, 0, 0, 0, 0, 0, 0, 0, 0, 0, 7, 45
"d:\SocialNetworkApp\SocialNetworkApp\src\Application\Reels\Commands\MarkStoryAsSeen\MarkStoryAsSeenCommand.cs", "C#", 0, 0, 0, 8, 0, 0, 0, 0, 0, 0, 0, 0, 0, 0, 2, 10
"d:\SocialNetworkApp\SocialNetworkApp\src\Application\Reels\Commands\MarkStoryAsSeen\MarkStoryAsSeenCommandHandler.cs", "C#", 0, 0, 0, 51, 0, 0, 0, 0, 0, 0, 0, 0, 0, 0, 9, 60
"d:\SocialNetworkApp\SocialNetworkApp\src\Application\Reels\Commands\RecordReelView\RecordReelViewCommand.cs", "C#", 0, 0, 0, 6, 0, 0, 0, 0, 0, 0, 0, 0, 0, 0, 3, 9
"d:\SocialNetworkApp\SocialNetworkApp\src\Application\Reels\Commands\RecordReelView\RecordReelViewCommandHandler.cs", "C#", 0, 0, 0, 40, 0, 0, 0, 0, 0, 0, 0, 0, 0, 0, 8, 48
"d:\SocialNetworkApp\SocialNetworkApp\src\Application\Reels\Commands\ToggleLikeReel\ToggleLikeReelCommand.cs", "C#", 0, 0, 0, 8, 0, 0, 0, 0, 0, 0, 0, 0, 0, 0, 2, 10
"d:\SocialNetworkApp\SocialNetworkApp\src\Application\Reels\Commands\ToggleLikeReel\ToggleLikeReelCommandHandler.cs", "C#", 0, 0, 0, 59, 0, 0, 0, 0, 0, 0, 0, 0, 0, 0, 11, 70
"d:\SocialNetworkApp\SocialNetworkApp\src\Application\Reels\Commands\ToggleLikeReel\ToggleLikeReelResponse.cs", "C#", 0, 0, 0, 7, 0, 0, 0, 0, 0, 0, 0, 0, 0, 0, 1, 8
"d:\SocialNetworkApp\SocialNetworkApp\src\Application\Reels\Queries\GetRecommendedReels\GetRecommendedReelsQuery.cs", "C#", 0, 0, 0, 11, 0, 0, 0, 0, 0, 0, 0, 0, 0, 0, 1, 12
"d:\SocialNetworkApp\SocialNetworkApp\src\Application\Reels\Queries\GetRecommendedReels\GetRecommendedReelsQueryHandler.cs", "C#", 0, 0, 0, 64, 0, 0, 0, 0, 0, 0, 0, 0, 0, 1, 10, 75
"d:\SocialNetworkApp\SocialNetworkApp\src\Application\Reels\Queries\GetReelById\GetReelByIdQuery.cs", "C#", 0, 0, 0, 9, 0, 0, 0, 0, 0, 0, 0, 0, 0, 0, 2, 11
"d:\SocialNetworkApp\SocialNetworkApp\src\Application\Reels\Queries\GetReelById\GetReelByIdQueryHandler.cs", "C#", 0, 0, 0, 49, 0, 0, 0, 0, 0, 0, 0, 0, 0, 0, 8, 57
"d:\SocialNetworkApp\SocialNetworkApp\src\Application\Reels\Queries\GetReelComments\GetReelCommentsQuery.cs", "C#", 0, 0, 0, 13, 0, 0, 0, 0, 0, 0, 0, 0, 0, 0, 2, 15
"d:\SocialNetworkApp\SocialNetworkApp\src\Application\Reels\Queries\GetReelComments\GetReelCommentsQueryHandler.cs", "C#", 0, 0, 0, 84, 0, 0, 0, 0, 0, 0, 0, 0, 0, 0, 14, 98
"d:\SocialNetworkApp\SocialNetworkApp\src\Application\Reels\Queries\GetReelsByUser\GetReelsByUserQuery.cs", "C#", 0, 0, 0, 12, 0, 0, 0, 0, 0, 0, 0, 0, 0, 0, 2, 14
"d:\SocialNetworkApp\SocialNetworkApp\src\Application\Reels\Queries\GetReelsByUser\GetReelsByUserQueryHandler.cs", "C#", 0, 0, 0, 62, 0, 0, 0, 0, 0, 0, 0, 0, 0, 0, 12, 74
"d:\SocialNetworkApp\SocialNetworkApp\src\Application\Reels\Queries\GetTopReels\GetTopReelsQuery.cs", "C#", 0, 0, 0, 8, 0, 0, 0, 0, 0, 0, 0, 0, 0, 0, 3, 11
"d:\SocialNetworkApp\SocialNetworkApp\src\Application\Reels\Queries\GetTopReels\GetTopReelsQueryHandler.cs", "C#", 0, 0, 0, 52, 0, 0, 0, 0, 0, 0, 0, 0, 0, 0, 10, 62
"d:\SocialNetworkApp\SocialNetworkApp\src\Application\Reels\Queries\SearchReels\SearchReelsQuery.cs", "C#", 0, 0, 0, 12, 0, 0, 0, 0, 0, 0, 0, 0, 0, 0, 2, 14
"d:\SocialNetworkApp\SocialNetworkApp\src\Application\Reels\Queries\SearchReels\SearchReelsQueryHandler.cs", "C#", 0, 0, 0, 28, 0, 0, 0, 0, 0, 0, 0, 0, 0, 0, 6, 34
"d:\SocialNetworkApp\SocialNetworkApp\src\Application\Schools\Commands\AddSchool\AddSchoolCommand.cs", "C#", 0, 0, 0, 15, 0, 0, 0, 0, 0, 0, 0, 0, 0, 0, 2, 17
"d:\SocialNetworkApp\SocialNetworkApp\src\Application\Schools\Commands\AddSchool\AddSchoolCommandHandler.cs", "C#", 0, 0, 0, 56, 0, 0, 0, 0, 0, 0, 0, 0, 0, 0, 8, 64
"d:\SocialNetworkApp\SocialNetworkApp\src\Application\Schools\Commands\DeleteSchool\DeleteSchoolCommand.cs", "C#", 0, 0, 0, 6, 0, 0, 0, 0, 0, 0, 0, 0, 0, 0, 2, 8
"d:\SocialNetworkApp\SocialNetworkApp\src\Application\Schools\Commands\DeleteSchool\DeleteSchoolCommandHandler.cs", "C#", 0, 0, 0, 40, 0, 0, 0, 0, 0, 0, 0, 0, 0, 0, 9, 49
"d:\SocialNetworkApp\SocialNetworkApp\src\Application\Schools\Commands\UpdateSchool\UpdateSchoolCommand.cs", "C#", 0, 0, 0, 16, 0, 0, 0, 0, 0, 0, 0, 0, 0, 0, 2, 18
"d:\SocialNetworkApp\SocialNetworkApp\src\Application\Schools\Commands\UpdateSchool\UpdateSchoolCommandHandler.cs", "C#", 0, 0, 0, 55, 0, 0, 0, 0, 0, 0, 0, 0, 0, 0, 9, 64
"d:\SocialNetworkApp\SocialNetworkApp\src\Application\Schools\Queries\GetSchools\GetSchoolsQuery.cs", "C#", 0, 0, 0, 8, 0, 0, 0, 0, 0, 0, 0, 0, 0, 0, 2, 10
"d:\SocialNetworkApp\SocialNetworkApp\src\Application\Schools\Queries\GetSchools\GetSchoolsQueryHandler.cs", "C#", 0, 0, 0, 34, 0, 0, 0, 0, 0, 0, 0, 0, 0, 0, 6, 40
"d:\SocialNetworkApp\SocialNetworkApp\src\Application\Shared\PagedList.cs", "C#", 0, 0, 0, 32, 0, 0, 0, 0, 0, 0, 0, 0, 0, 3, 6, 41
"d:\SocialNetworkApp\SocialNetworkApp\src\Application\Stories\Commands\CreateStory\CreateStoryCommand.cs", "C#", 0, 0, 0, 15, 0, 0, 0, 0, 0, 0, 0, 0, 0, 0, 3, 18
"d:\SocialNetworkApp\SocialNetworkApp\src\Application\Stories\Commands\CreateStory\CreateStoryCommandHandler.cs", "C#", 0, 0, 0, 47, 0, 0, 0, 0, 0, 0, 0, 0, 0, 0, 8, 55
"d:\SocialNetworkApp\SocialNetworkApp\src\Application\Stories\Commands\DeleteStory\DeleteStoryCommand.cs", "C#", 0, 0, 0, 6, 0, 0, 0, 0, 0, 0, 0, 0, 0, 0, 4, 10
"d:\SocialNetworkApp\SocialNetworkApp\src\Application\Stories\Commands\DeleteStory\DeleteStoryCommandHandler.cs", "C#", 0, 0, 0, 36, 0, 0, 0, 0, 0, 0, 0, 0, 0, 0, 8, 44
"d:\SocialNetworkApp\SocialNetworkApp\src\Application\Stories\Commands\MarkStoryAsSeen\MarkStoryAsSeenCommand.cs", "C#", 0, 0, 0, 6, 0, 0, 0, 0, 0, 0, 0, 0, 0, 0, 3, 9
"d:\SocialNetworkApp\SocialNetworkApp\src\Application\Stories\Commands\MarkStoryAsSeen\MarkStoryAsSeenCommandHandler.cs", "C#", 0, 0, 0, 54, 0, 0, 0, 0, 0, 0, 0, 0, 0, 0, 10, 64
"d:\SocialNetworkApp\SocialNetworkApp\src\Application\Stories\Commands\MarkStoryAsSeen\MarkStoryAsSeenResponse.cs", "C#", 0, 0, 0, 2, 0, 0, 0, 0, 0, 0, 0, 0, 0, 0, 2, 4
"d:\SocialNetworkApp\SocialNetworkApp\src\Application\Stories\Commands\ToggleStoryLike\ToggleStoryLikeCommand.cs", "C#", 0, 0, 0, 6, 0, 0, 0, 0, 0, 0, 0, 0, 0, 0, 3, 9
"d:\SocialNetworkApp\SocialNetworkApp\src\Application\Stories\Commands\ToggleStoryLike\ToggleStoryLikeCommandHandler.cs", "C#", 0, 0, 0, 63, 0, 0, 0, 0, 0, 0, 0, 0, 0, 0, 13, 76
"d:\SocialNetworkApp\SocialNetworkApp\src\Application\Stories\Commands\ToggleStoryLike\ToggleStoryLikeResponse.cs", "C#", 0, 0, 0, 5, 0, 0, 0, 0, 0, 0, 0, 0, 0, 0, 2, 7
"d:\SocialNetworkApp\SocialNetworkApp\src\Application\Stories\Commands\UploadStoryMedia\UploadStoryMediaCommand.cs", "C#", 0, 0, 0, 9, 0, 0, 0, 0, 0, 0, 0, 0, 0, 0, 3, 12
"d:\SocialNetworkApp\SocialNetworkApp\src\Application\Stories\Commands\UploadStoryMedia\UploadStoryMediaCommandHandler.cs", "C#", 0, 0, 0, 45, 0, 0, 0, 0, 0, 0, 0, 0, 0, 0, 7, 52
"d:\SocialNetworkApp\SocialNetworkApp\src\Application\Stories\Queries\GetStoriesByUserId\GetStoriesByUserIdQuery.cs", "C#", 0, 0, 0, 7, 0, 0, 0, 0, 0, 0, 0, 0, 0, 0, 3, 10
"d:\SocialNetworkApp\SocialNetworkApp\src\Application\Stories\Queries\GetStoriesByUserId\GetStoriesByUserIdQueryHandler.cs", "C#", 0, 0, 0, 54, 0, 0, 0, 0, 0, 0, 0, 0, 0, 0, 11, 65
"d:\SocialNetworkApp\SocialNetworkApp\src\Application\Stories\Queries\GetStoryTimeline\GetStoryTimelineQuery.cs", "C#", 0, 0, 0, 9, 0, 0, 0, 0, 0, 0, 0, 0, 0, 0, 3, 12
"d:\SocialNetworkApp\SocialNetworkApp\src\Application\Stories\Queries\GetStoryTimeline\GetStoryTimelineQueryHandler.cs", "C#", 0, 0, 0, 90, 0, 0, 0, 0, 0, 0, 0, 0, 0, 0, 19, 109
"d:\SocialNetworkApp\SocialNetworkApp\src\Application\Users\Commands\FollowUser\FollowUserCommand.cs", "C#", 0, 0, 0, 8, 0, 0, 0, 0, 0, 0, 0, 0, 0, 0, 2, 10
"d:\SocialNetworkApp\SocialNetworkApp\src\Application\Users\Commands\FollowUser\FollowUserCommandHandler.cs", "C#", 0, 0, 0, 49, 0, 0, 0, 0, 0, 0, 0, 0, 0, 0, 10, 59
"d:\SocialNetworkApp\SocialNetworkApp\src\Application\Users\Commands\UnfollowUser\UnfollowUserCommand.cs", "C#", 0, 0, 0, 8, 0, 0, 0, 0, 0, 0, 0, 0, 0, 0, 2, 10
"d:\SocialNetworkApp\SocialNetworkApp\src\Application\Users\Commands\UnfollowUser\UnfollowUserCommandHandler.cs", "C#", 0, 0, 0, 42, 0, 0, 0, 0, 0, 0, 0, 0, 0, 0, 9, 51
"d:\SocialNetworkApp\SocialNetworkApp\src\Application\Users\Commands\UpdateInfo\UpdateInfoCommand.cs", "C#", 0, 0, 0, 17, 0, 0, 0, 0, 0, 0, 0, 0, 0, 0, 2, 19
"d:\SocialNetworkApp\SocialNetworkApp\src\Application\Users\Commands\UpdateInfo\UpdateInfoCommandHandler.cs", "C#", 0, 0, 0, 69, 0, 0, 0, 0, 0, 0, 0, 0, 0, 3, 11, 83
"d:\SocialNetworkApp\SocialNetworkApp\src\Application\Users\Commands\UploadAvatar\UploadAvatarCommand.cs", "C#", 0, 0, 0, 7, 0, 0, 0, 0, 0, 0, 0, 0, 0, 0, 2, 9
"d:\SocialNetworkApp\SocialNetworkApp\src\Application\Users\Commands\UploadAvatar\UploadAvatarCommandHandler.cs", "C#", 0, 0, 0, 68, 0, 0, 0, 0, 0, 0, 0, 0, 0, 1, 9, 78
"d:\SocialNetworkApp\SocialNetworkApp\src\Application\Users\Commands\UploadCoverPhoto\UploadCoverPhotoCommand.cs", "C#", 0, 0, 0, 7, 0, 0, 0, 0, 0, 0, 0, 0, 0, 0, 2, 9
"d:\SocialNetworkApp\SocialNetworkApp\src\Application\Users\Commands\UploadCoverPhoto\UploadCoverPhotoCommandHandler.cs", "C#", 0, 0, 0, 47, 0, 0, 0, 0, 0, 0, 0, 0, 0, 0, 8, 55
"d:\SocialNetworkApp\SocialNetworkApp\src\Application\Users\Queries\GetPersonalInfo\GetPersonalInfoQuery.cs", "C#", 0, 0, 0, 7, 0, 0, 0, 0, 0, 0, 0, 0, 0, 0, 2, 9
"d:\SocialNetworkApp\SocialNetworkApp\src\Application\Users\Queries\GetPersonalInfo\GetPersonalInfoQueryHandler.cs", "C#", 0, 0, 0, 89, 0, 0, 0, 0, 0, 0, 0, 0, 0, 0, 15, 104
"d:\SocialNetworkApp\SocialNetworkApp\src\Application\Users\Queries\GetTodayBirthdays\GetTodayBirthdaysQuery.cs", "C#", 0, 0, 0, 4, 0, 0, 0, 0, 0, 0, 0, 0, 0, 0, 3, 7
"d:\SocialNetworkApp\SocialNetworkApp\src\Application\Users\Queries\GetTodayBirthdays\GetTodayBirthdaysQueryHandler.cs", "C#", 0, 0, 0, 21, 0, 0, 0, 0, 0, 0, 0, 0, 0, 0, 5, 26
"d:\SocialNetworkApp\SocialNetworkApp\src\Application\Users\Queries\GetUpcomingBirthdays\GetUpcomingBirthdaysQuery.cs", "C#", 0, 0, 0, 4, 0, 0, 0, 0, 0, 0, 0, 0, 0, 0, 3, 7
"d:\SocialNetworkApp\SocialNetworkApp\src\Application\Users\Queries\GetUpcomingBirthdays\GetUpcomingBirthdaysQueryHandler.cs", "C#", 0, 0, 0, 20, 0, 0, 0, 0, 0, 0, 0, 0, 0, 0, 5, 25
"d:\SocialNetworkApp\SocialNetworkApp\src\Application\Users\Queries\GetUserHoverCard\GetUserHoverCardQuery.cs", "C#", 0, 0, 0, 6, 0, 0, 0, 0, 0, 0, 0, 0, 0, 0, 2, 8
"d:\SocialNetworkApp\SocialNetworkApp\src\Application\Users\Queries\GetUserHoverCard\GetUserHoverCardQueryHandler.cs", "C#", 0, 0, 0, 67, 0, 0, 0, 0, 0, 0, 0, 0, 0, 1, 11, 79
"d:\SocialNetworkApp\SocialNetworkApp\src\Application\Users\Queries\IsBlockedByUserId\IsBlockedByUserIdQuery.cs", "C#", 0, 0, 0, 8, 0, 0, 0, 0, 0, 0, 0, 0, 0, 0, 3, 11
"d:\SocialNetworkApp\SocialNetworkApp\src\Application\Users\Queries\IsBlockedByUserId\IsBlockedByUserIdQueryHandler.cs", "C#", 0, 0, 0, 24, 0, 0, 0, 0, 0, 0, 0, 0, 0, 0, 6, 30
"d:\SocialNetworkApp\SocialNetworkApp\src\Application\Users\Queries\IsBlockingUser\IsBlockingUserQuery.cs", "C#", 0, 0, 0, 7, 0, 0, 0, 0, 0, 0, 0, 0, 0, 0, 3, 10
"d:\SocialNetworkApp\SocialNetworkApp\src\Application\Users\Queries\IsBlockingUser\IsBlockingUserQueryHandler.cs", "C#", 0, 0, 0, 24, 0, 0, 0, 0, 0, 0, 0, 0, 0, 0, 6, 30
"d:\SocialNetworkApp\SocialNetworkApp\src\Application\Users\Queries\SearchUsers\SearchUsersQuery.cs", "C#", 0, 0, 0, 12, 0, 0, 0, 0, 0, 0, 0, 0, 0, 0, 2, 14
"d:\SocialNetworkApp\SocialNetworkApp\src\Application\Users\Queries\SearchUsers\SearchUsersQueryHandler.cs", "C#", 0, 0, 0, 28, 0, 0, 0, 0, 0, 0, 0, 0, 0, 0, 6, 34
"d:\SocialNetworkApp\SocialNetworkApp\src\Application\bin\Debug\net10.0\Application.deps.json", "JSON", 0, 576, 0, 0, 0, 0, 0, 0, 0, 0, 0, 0, 0, 0, 0, 576
"d:\SocialNetworkApp\SocialNetworkApp\src\Application\obj\Application.csproj.nuget.dgspec.json", "JSON", 0, 706, 0, 0, 0, 0, 0, 0, 0, 0, 0, 0, 0, 0, 0, 706
"d:\SocialNetworkApp\SocialNetworkApp\src\Application\obj\Application.csproj.nuget.g.props", "XML", 0, 0, 0, 0, 19, 0, 0, 0, 0, 0, 0, 0, 0, 0, 0, 19
"d:\SocialNetworkApp\SocialNetworkApp\src\Application\obj\Application.csproj.nuget.g.targets", "XML", 0, 0, 0, 0, 8, 0, 0, 0, 0, 0, 0, 0, 0, 0, 0, 8
"d:\SocialNetworkApp\SocialNetworkApp\src\Application\obj\Debug\net10.0\.NETCoreApp,Version=v10.0.AssemblyAttributes.cs", "C#", 0, 0, 0, 3, 0, 0, 0, 0, 0, 0, 0, 0, 0, 1, 1, 5
"d:\SocialNetworkApp\SocialNetworkApp\src\Application\obj\Debug\net10.0\Application.AssemblyInfo.cs", "C#", 0, 0, 0, 9, 0, 0, 0, 0, 0, 0, 0, 0, 0, 10, 5, 24
"d:\SocialNetworkApp\SocialNetworkApp\src\Application\obj\Debug\net10.0\Application.GeneratedMSBuildEditorConfig.editorconfig", "Properties", 0, 0, 0, 0, 0, 0, 0, 17, 0, 0, 0, 0, 0, 0, 1, 18
"d:\SocialNetworkApp\SocialNetworkApp\src\Application\obj\Debug\net10.0\Application.GlobalUsings.g.cs", "C#", 0, 0, 0, 7, 0, 0, 0, 0, 0, 0, 0, 0, 0, 1, 1, 9
"d:\SocialNetworkApp\SocialNetworkApp\src\Application\obj\Debug\net10.0\Application.sourcelink.json", "JSON", 0, 1, 0, 0, 0, 0, 0, 0, 0, 0, 0, 0, 0, 0, 0, 1
"d:\SocialNetworkApp\SocialNetworkApp\src\Application\obj\project.assets.json", "JSON", 0, 1692, 0, 0, 0, 0, 0, 0, 0, 0, 0, 0, 0, 0, 0, 1692
"d:\SocialNetworkApp\SocialNetworkApp\src\Domain\Common\AggregateRoot.cs", "C#", 0, 0, 0, 14, 0, 0, 0, 0, 0, 0, 0, 0, 0, 0, 5, 19
"d:\SocialNetworkApp\SocialNetworkApp\src\Domain\Common\BaseEntity.cs", "C#", 0, 0, 0, 26, 0, 0, 0, 0, 0, 0, 0, 0, 0, 0, 8, 34
"d:\SocialNetworkApp\SocialNetworkApp\src\Domain\Common\IDomainEvent.cs", "C#", 0, 0, 0, 7, 0, 0, 0, 0, 0, 0, 0, 0, 0, 0, 1, 8
"d:\SocialNetworkApp\SocialNetworkApp\src\Domain\Common\IHasDomainEvents.cs", "C#", 0, 0, 0, 9, 0, 0, 0, 0, 0, 0, 0, 0, 0, 0, 2, 11
"d:\SocialNetworkApp\SocialNetworkApp\src\Domain\Domain.csproj", "XML", 0, 0, 0, 0, 16, 0, 0, 0, 0, 0, 0, 0, 0, 0, 5, 21
"d:\SocialNetworkApp\SocialNetworkApp\src\Domain\Entities\BlockChat.cs", "C#", 0, 0, 0, 17, 0, 0, 0, 0, 0, 0, 0, 0, 0, 1, 6, 24
"d:\SocialNetworkApp\SocialNetworkApp\src\Domain\Entities\CommentReaction.cs", "C#", 0, 0, 0, 26, 0, 0, 0, 0, 0, 0, 0, 0, 0, 0, 6, 32
"d:\SocialNetworkApp\SocialNetworkApp\src\Domain\Entities\Conversation.cs", "C#", 0, 0, 0, 141, 0, 0, 0, 0, 0, 0, 0, 0, 0, 0, 41, 182
"d:\SocialNetworkApp\SocialNetworkApp\src\Domain\Entities\ConversationMember.cs", "C#", 0, 0, 0, 39, 0, 0, 0, 0, 0, 0, 0, 0, 0, 1, 8, 48
"d:\SocialNetworkApp\SocialNetworkApp\src\Domain\Entities\Following.cs", "C#", 0, 0, 0, 21, 0, 0, 0, 0, 0, 0, 0, 0, 0, 0, 6, 27
"d:\SocialNetworkApp\SocialNetworkApp\src\Domain\Entities\FriendRequest.cs", "C#", 0, 0, 0, 33, 0, 0, 0, 0, 0, 0, 0, 0, 0, 1, 10, 44
"d:\SocialNetworkApp\SocialNetworkApp\src\Domain\Entities\Friendship.cs", "C#", 0, 0, 0, 25, 0, 0, 0, 0, 0, 0, 0, 0, 0, 1, 6, 32
"d:\SocialNetworkApp\SocialNetworkApp\src\Domain\Entities\Group.cs", "C#", 0, 0, 0, 137, 0, 0, 0, 0, 0, 0, 0, 0, 0, 6, 27, 170
"d:\SocialNetworkApp\SocialNetworkApp\src\Domain\Entities\GroupJoinRequest.cs", "C#", 0, 0, 0, 29, 0, 0, 0, 0, 0, 0, 0, 0, 0, 1, 7, 37
"d:\SocialNetworkApp\SocialNetworkApp\src\Domain\Entities\GroupMember.cs", "C#", 0, 0, 0, 25, 0, 0, 0, 0, 0, 0, 0, 0, 0, 1, 6, 32
"d:\SocialNetworkApp\SocialNetworkApp\src\Domain\Entities\GroupRule.cs", "C#", 0, 0, 0, 27, 0, 0, 0, 0, 0, 0, 0, 0, 0, 1, 6, 34
"d:\SocialNetworkApp\SocialNetworkApp\src\Domain\Entities\Message.cs", "C#", 0, 0, 0, 107, 0, 0, 0, 0, 0, 0, 0, 0, 0, 1, 20, 128
"d:\SocialNetworkApp\SocialNetworkApp\src\Domain\Entities\MessageAttachtment.cs", "C#", 0, 0, 0, 24, 0, 0, 0, 0, 0, 0, 0, 0, 0, 1, 5, 30
"d:\SocialNetworkApp\SocialNetworkApp\src\Domain\Entities\MessageReaction.cs", "C#", 0, 0, 0, 31, 0, 0, 0, 0, 0, 0, 0, 0, 0, 1, 9, 41
"d:\SocialNetworkApp\SocialNetworkApp\src\Domain\Entities\Notification.cs", "C#", 0, 0, 0, 68, 0, 0, 0, 0, 0, 0, 0, 0, 0, 1, 11, 80
"d:\SocialNetworkApp\SocialNetworkApp\src\Domain\Entities\Post.cs", "C#", 0, 0, 0, 126, 0, 0, 0, 0, 0, 0, 0, 0, 0, 7, 23, 156
"d:\SocialNetworkApp\SocialNetworkApp\src\Domain\Entities\PostComment.cs", "C#", 0, 0, 0, 41, 0, 0, 0, 0, 0, 0, 0, 0, 0, 2, 8, 51
"d:\SocialNetworkApp\SocialNetworkApp\src\Domain\Entities\PostMedia.cs", "C#", 0, 0, 0, 30, 0, 0, 0, 0, 0, 0, 0, 0, 0, 1, 5, 36
"d:\SocialNetworkApp\SocialNetworkApp\src\Domain\Entities\PostReaction.cs", "C#", 0, 0, 0, 26, 0, 0, 0, 0, 0, 0, 0, 0, 0, 0, 6, 32
"d:\SocialNetworkApp\SocialNetworkApp\src\Domain\Entities\PostTag.cs", "C#", 0, 0, 0, 19, 0, 0, 0, 0, 0, 0, 0, 0, 0, 1, 5, 25
"d:\SocialNetworkApp\SocialNetworkApp\src\Domain\Entities\Reel.cs", "C#", 0, 0, 0, 71, 0, 0, 0, 0, 0, 0, 0, 0, 0, 0, 11, 82
"d:\SocialNetworkApp\SocialNetworkApp\src\Domain\Entities\ReelComment.cs", "C#", 0, 0, 0, 43, 0, 0, 0, 0, 0, 0, 0, 0, 0, 0, 9, 52
"d:\SocialNetworkApp\SocialNetworkApp\src\Domain\Entities\ReelReaction.cs", "C#", 0, 0, 0, 18, 0, 0, 0, 0, 0, 0, 0, 0, 0, 0, 5, 23
"d:\SocialNetworkApp\SocialNetworkApp\src\Domain\Entities\ReportedGroupContent.cs", "C#", 0, 0, 0, 52, 0, 0, 0, 0, 0, 0, 0, 0, 0, 6, 15, 73
"d:\SocialNetworkApp\SocialNetworkApp\src\Domain\Entities\SavedPost.cs", "C#", 0, 0, 0, 21, 0, 0, 0, 0, 0, 0, 0, 0, 0, 1, 5, 27
"d:\SocialNetworkApp\SocialNetworkApp\src\Domain\Entities\School.cs", "C#", 0, 0, 0, 56, 0, 0, 0, 0, 0, 0, 0, 0, 0, 1, 8, 65
"d:\SocialNetworkApp\SocialNetworkApp\src\Domain\Entities\Story.cs", "C#", 0, 0, 0, 50, 0, 0, 0, 0, 0, 0, 0, 0, 0, 0, 9, 59
"d:\SocialNetworkApp\SocialNetworkApp\src\Domain\Entities\StoryReaction.cs", "C#", 0, 0, 0, 16, 0, 0, 0, 0, 0, 0, 0, 0, 0, 0, 6, 22
"d:\SocialNetworkApp\SocialNetworkApp\src\Domain\Entities\StorySeen.cs", "C#", 0, 0, 0, 22, 0, 0, 0, 0, 0, 0, 0, 0, 0, 0, 7, 29
"d:\SocialNetworkApp\SocialNetworkApp\src\Domain\Entities\User.cs", "C#", 0, 0, 0, 126, 0, 0, 0, 0, 0, 0, 0, 0, 0, 4, 28, 158
"d:\SocialNetworkApp\SocialNetworkApp\src\Domain\Entities\UserFeed.cs", "C#", 0, 0, 0, 44, 0, 0, 0, 0, 0, 0, 0, 0, 0, 1, 7, 52
"d:\SocialNetworkApp\SocialNetworkApp\src\Domain\Enums\ConversationRole.cs", "C#", 0, 0, 0, 9, 0, 0, 0, 0, 0, 0, 0, 0, 0, 0, 1, 10
"d:\SocialNetworkApp\SocialNetworkApp\src\Domain\Enums\DegreeType.cs", "C#", 0, 0, 0, 10, 0, 0, 0, 0, 0, 0, 0, 0, 0, 0, 1, 11
"d:\SocialNetworkApp\SocialNetworkApp\src\Domain\Enums\Feeling.cs", "C#", 0, 0, 0, 32, 0, 0, 0, 0, 0, 0, 0, 0, 0, 0, 1, 33
"d:\SocialNetworkApp\SocialNetworkApp\src\Domain\Enums\FriendRequestStatus.cs", "C#", 0, 0, 0, 10, 0, 0, 0, 0, 0, 0, 0, 0, 0, 0, 1, 11
"d:\SocialNetworkApp\SocialNetworkApp\src\Domain\Enums\Gender.cs", "C#", 0, 0, 0, 8, 0, 0, 0, 0, 0, 0, 0, 0, 0, 0, 0, 8
"d:\SocialNetworkApp\SocialNetworkApp\src\Domain\Enums\GroupContentType.cs", "C#", 0, 0, 0, 8, 0, 0, 0, 0, 0, 0, 0, 0, 0, 1, 1, 10
"d:\SocialNetworkApp\SocialNetworkApp\src\Domain\Enums\GroupMemberRole.cs", "C#", 0, 0, 0, 9, 0, 0, 0, 0, 0, 0, 0, 0, 0, 0, 1, 10
"d:\SocialNetworkApp\SocialNetworkApp\src\Domain\Enums\GroupPrivacyType.cs", "C#", 0, 0, 0, 8, 0, 0, 0, 0, 0, 0, 0, 0, 0, 0, 1, 9
"d:\SocialNetworkApp\SocialNetworkApp\src\Domain\Enums\GroupReportReason.cs", "C#", 0, 0, 0, 14, 0, 0, 0, 0, 0, 0, 0, 0, 0, 1, 1, 16
"d:\SocialNetworkApp\SocialNetworkApp\src\Domain\Enums\GroupReportStatus.cs", "C#", 0, 0, 0, 9, 0, 0, 0, 0, 0, 0, 0, 0, 0, 4, 3, 16
"d:\SocialNetworkApp\SocialNetworkApp\src\Domain\Enums\GroupRequestStatus.cs", "C#", 0, 0, 0, 9, 0, 0, 0, 0, 0, 0, 0, 0, 0, 0, 1, 10
"d:\SocialNetworkApp\SocialNetworkApp\src\Domain\Enums\MessageStatus.cs", "C#", 0, 0, 0, 7, 0, 0, 0, 0, 0, 0, 0, 0, 0, 0, 1, 8
"d:\SocialNetworkApp\SocialNetworkApp\src\Domain\Enums\MessageType.cs", "C#", 0, 0, 0, 8, 0, 0, 0, 0, 0, 0, 0, 0, 0, 0, 1, 9
"d:\SocialNetworkApp\SocialNetworkApp\src\Domain\Enums\NotificationEntityType.cs", "C#", 0, 0, 0, 13, 0, 0, 0, 0, 0, 0, 0, 0, 0, 0, 1, 14
"d:\SocialNetworkApp\SocialNetworkApp\src\Domain\Enums\NotificationType.cs", "C#", 0, 0, 0, 13, 0, 0, 0, 0, 0, 0, 0, 0, 0, 0, 1, 14
"d:\SocialNetworkApp\SocialNetworkApp\src\Domain\Enums\PostApprovalStatus.cs", "C#", 0, 0, 0, 9, 0, 0, 0, 0, 0, 0, 0, 0, 0, 4, 3, 16
"d:\SocialNetworkApp\SocialNetworkApp\src\Domain\Enums\PostVisibility.cs", "C#", 0, 0, 0, 10, 0, 0, 0, 0, 0, 0, 0, 0, 0, 0, 1, 11
"d:\SocialNetworkApp\SocialNetworkApp\src\Domain\Enums\ReactionType.cs", "C#", 0, 0, 0, 12, 0, 0, 0, 0, 0, 0, 0, 0, 0, 0, 1, 13
"d:\SocialNetworkApp\SocialNetworkApp\src\Domain\Enums\ReelVisibility.cs", "C#", 0, 0, 0, 9, 0, 0, 0, 0, 0, 0, 0, 0, 0, 0, 1, 10
"d:\SocialNetworkApp\SocialNetworkApp\src\Domain\Enums\RelationshipStatus.cs", "C#", 0, 0, 0, 15, 0, 0, 0, 0, 0, 0, 0, 0, 0, 0, 1, 16
"d:\SocialNetworkApp\SocialNetworkApp\src\Domain\Enums\SchoolType.cs", "C#", 0, 0, 0, 11, 0, 0, 0, 0, 0, 0, 0, 0, 0, 0, 1, 12
"d:\SocialNetworkApp\SocialNetworkApp\src\Domain\Enums\StoryMediaType.cs", "C#", 0, 0, 0, 6, 0, 0, 0, 0, 0, 0, 0, 0, 0, 0, 2, 8
"d:\SocialNetworkApp\SocialNetworkApp\src\Domain\Enums\SystemMessageType.cs", "C#", 0, 0, 0, 14, 0, 0, 0, 0, 0, 0, 0, 0, 0, 0, 1, 15
"d:\SocialNetworkApp\SocialNetworkApp\src\Domain\Enums\UserFeedType.cs", "C#", 0, 0, 0, 11, 0, 0, 0, 0, 0, 0, 0, 0, 0, 0, 1, 12
"d:\SocialNetworkApp\SocialNetworkApp\src\Domain\Enums\WhoCanApprove.cs", "C#", 0, 0, 0, 8, 0, 0, 0, 0, 0, 0, 0, 0, 0, 3, 2, 13
"d:\SocialNetworkApp\SocialNetworkApp\src\Domain\Enums\WhoCanJoin.cs", "C#", 0, 0, 0, 8, 0, 0, 0, 0, 0, 0, 0, 0, 0, 3, 2, 13
"d:\SocialNetworkApp\SocialNetworkApp\src\Domain\Enums\WhoCanPost.cs", "C#", 0, 0, 0, 9, 0, 0, 0, 0, 0, 0, 0, 0, 0, 4, 3, 16
"d:\SocialNetworkApp\SocialNetworkApp\src\Domain\Events\CommentCreatedDomainEvent.cs", "C#", 0, 0, 0, 10, 0, 0, 0, 0, 0, 0, 0, 0, 0, 0, 3, 13
"d:\SocialNetworkApp\SocialNetworkApp\src\Domain\Events\FriendRequestCreatedDomainEvent.cs", "C#", 0, 0, 0, 7, 0, 0, 0, 0, 0, 0, 0, 0, 0, 0, 3, 10
"d:\SocialNetworkApp\SocialNetworkApp\src\Domain\Events\FriendshipCreatedDomainEvent.cs", "C#", 0, 0, 0, 10, 0, 0, 0, 0, 0, 0, 0, 0, 0, 0, 2, 12
"d:\SocialNetworkApp\SocialNetworkApp\src\Domain\Events\GroupJoinRequestAcceptedDomainEvent.cs", "C#", 0, 0, 0, 9, 0, 0, 0, 0, 0, 0, 0, 0, 0, 0, 3, 12
"d:\SocialNetworkApp\SocialNetworkApp\src\Domain\Events\PostCreatedDomainEvent.cs", "C#", 0, 0, 0, 9, 0, 0, 0, 0, 0, 0, 0, 0, 0, 0, 3, 12
"d:\SocialNetworkApp\SocialNetworkApp\src\Domain\Events\UnfriendedDomainEvent.cs", "C#", 0, 0, 0, 10, 0, 0, 0, 0, 0, 0, 0, 0, 0, 0, 2, 12
"d:\SocialNetworkApp\SocialNetworkApp\src\Domain\Shared\Error.cs", "C#", 0, 0, 0, 40, 0, 0, 0, 0, 0, 0, 0, 0, 0, 0, 13, 53
"d:\SocialNetworkApp\SocialNetworkApp\src\Domain\Shared\IValidationResult.cs", "C#", 0, 0, 0, 10, 0, 0, 0, 0, 0, 0, 0, 0, 0, 0, 1, 11
"d:\SocialNetworkApp\SocialNetworkApp\src\Domain\Shared\Result.cs", "C#", 0, 0, 0, 36, 0, 0, 0, 0, 0, 0, 0, 0, 0, 1, 11, 48
"d:\SocialNetworkApp\SocialNetworkApp\src\Domain\Shared\ResultT.cs", "C#", 0, 0, 0, 19, 0, 0, 0, 0, 0, 0, 0, 0, 0, 0, 4, 23
"d:\SocialNetworkApp\SocialNetworkApp\src\Domain\Shared\ValidationResult.cs", "C#", 0, 0, 0, 11, 0, 0, 0, 0, 0, 0, 0, 0, 0, 0, 3, 14
"d:\SocialNetworkApp\SocialNetworkApp\src\Domain\Shared\ValidationResultT.cs", "C#", 0, 0, 0, 11, 0, 0, 0, 0, 0, 0, 0, 0, 0, 0, 3, 14
"d:\SocialNetworkApp\SocialNetworkApp\src\Domain\bin\Debug\net10.0\Domain.deps.json", "JSON", 0, 544, 0, 0, 0, 0, 0, 0, 0, 0, 0, 0, 0, 0, 0, 544
"d:\SocialNetworkApp\SocialNetworkApp\src\Domain\obj\Debug\net10.0\.NETCoreApp,Version=v10.0.AssemblyAttributes.cs", "C#", 0, 0, 0, 3, 0, 0, 0, 0, 0, 0, 0, 0, 0, 1, 1, 5
"d:\SocialNetworkApp\SocialNetworkApp\src\Domain\obj\Debug\net10.0\Domain.AssemblyInfo.cs", "C#", 0, 0, 0, 9, 0, 0, 0, 0, 0, 0, 0, 0, 0, 10, 5, 24
"d:\SocialNetworkApp\SocialNetworkApp\src\Domain\obj\Debug\net10.0\Domain.GeneratedMSBuildEditorConfig.editorconfig", "Properties", 0, 0, 0, 0, 0, 0, 0, 17, 0, 0, 0, 0, 0, 0, 1, 18
"d:\SocialNetworkApp\SocialNetworkApp\src\Domain\obj\Debug\net10.0\Domain.GlobalUsings.g.cs", "C#", 0, 0, 0, 7, 0, 0, 0, 0, 0, 0, 0, 0, 0, 1, 1, 9
"d:\SocialNetworkApp\SocialNetworkApp\src\Domain\obj\Debug\net10.0\Domain.sourcelink.json", "JSON", 0, 1, 0, 0, 0, 0, 0, 0, 0, 0, 0, 0, 0, 0, 0, 1
"d:\SocialNetworkApp\SocialNetworkApp\src\Domain\obj\Domain.csproj.nuget.dgspec.json", "JSON", 0, 357, 0, 0, 0, 0, 0, 0, 0, 0, 0, 0, 0, 0, 0, 357
"d:\SocialNetworkApp\SocialNetworkApp\src\Domain\obj\Domain.csproj.nuget.g.props", "XML", 0, 0, 0, 0, 19, 0, 0, 0, 0, 0, 0, 0, 0, 0, 0, 19
"d:\SocialNetworkApp\SocialNetworkApp\src\Domain\obj\Domain.csproj.nuget.g.targets", "XML", 0, 0, 0, 0, 8, 0, 0, 0, 0, 0, 0, 0, 0, 0, 0, 8
"d:\SocialNetworkApp\SocialNetworkApp\src\Domain\obj\Release\net10.0\.NETCoreApp,Version=v10.0.AssemblyAttributes.cs", "C#", 0, 0, 0, 3, 0, 0, 0, 0, 0, 0, 0, 0, 0, 1, 1, 5
"d:\SocialNetworkApp\SocialNetworkApp\src\Domain\obj\Release\net10.0\Domain.AssemblyInfo.cs", "C#", 0, 0, 0, 9, 0, 0, 0, 0, 0, 0, 0, 0, 0, 10, 5, 24
"d:\SocialNetworkApp\SocialNetworkApp\src\Domain\obj\Release\net10.0\Domain.GeneratedMSBuildEditorConfig.editorconfig", "Properties", 0, 0, 0, 0, 0, 0, 0, 17, 0, 0, 0, 0, 0, 0, 1, 18
"d:\SocialNetworkApp\SocialNetworkApp\src\Domain\obj\Release\net10.0\Domain.GlobalUsings.g.cs", "C#", 0, 0, 0, 7, 0, 0, 0, 0, 0, 0, 0, 0, 0, 1, 1, 9
"d:\SocialNetworkApp\SocialNetworkApp\src\Domain\obj\project.assets.json", "JSON", 0, 1645, 0, 0, 0, 0, 0, 0, 0, 0, 0, 0, 0, 0, 0, 1645
"d:\SocialNetworkApp\SocialNetworkApp\src\Infrastructure\Authentication\TokenService.cs", "C#", 0, 0, 0, 42, 0, 0, 0, 0, 0, 0, 0, 0, 0, 0, 9, 51
"d:\SocialNetworkApp\SocialNetworkApp\src\Infrastructure\BackgroundJobs\OutboxProcessingBackgroundService.cs", "C#", 0, 0, 0, 63, 0, 0, 0, 0, 0, 0, 0, 0, 0, 0, 10, 73
"d:\SocialNetworkApp\SocialNetworkApp\src\Infrastructure\DependencyInjection.cs", "C#", 0, 0, 0, 76, 0, 0, 0, 0, 0, 0, 0, 0, 0, 1, 9, 86
"d:\SocialNetworkApp\SocialNetworkApp\src\Infrastructure\Extensions\ClaimsPrincipalExtensions.cs", "C#", 0, 0, 0, 13, 0, 0, 0, 0, 0, 0, 0, 0, 0, 0, 2, 15
"d:\SocialNetworkApp\SocialNetworkApp\src\Infrastructure\Infrastructure.csproj", "XML", 0, 0, 0, 0, 72, 0, 0, 0, 0, 0, 0, 0, 0, 0, 6, 78
"d:\SocialNetworkApp\SocialNetworkApp\src\Infrastructure\Migrations\20260610155731_init.Designer.cs", "C#", 0, 0, 0, 1619, 0, 0, 0, 0, 0, 0, 0, 0, 0, 2, 658, 2279
"d:\SocialNetworkApp\SocialNetworkApp\src\Infrastructure\Migrations\20260610155731_init.cs", "C#", 0, 0, 0, 1445, 0, 0, 0, 0, 0, 0, 0, 0, 0, 3, 145, 1593
"d:\SocialNetworkApp\SocialNetworkApp\src\Infrastructure\Migrations\20260610155828_updb1.Designer.cs", "C#", 0, 0, 0, 1619, 0, 0, 0, 0, 0, 0, 0, 0, 0, 2, 658, 2279
"d:\SocialNetworkApp\SocialNetworkApp\src\Infrastructure\Migrations\20260610155828_updb1.cs", "C#", 0, 0, 0, 68, 0, 0, 0, 0, 0, 0, 0, 0, 0, 8, 12, 88
"d:\SocialNetworkApp\SocialNetworkApp\src\Infrastructure\Migrations\20260610160827_updb2.Designer.cs", "C#", 0, 0, 0, 1619, 0, 0, 0, 0, 0, 0, 0, 0, 0, 2, 658, 2279
"d:\SocialNetworkApp\SocialNetworkApp\src\Infrastructure\Migrations\20260610160827_updb2.cs", "C#", 0, 0, 0, 14, 0, 0, 0, 0, 0, 0, 0, 0, 0, 3, 6, 23
"d:\SocialNetworkApp\SocialNetworkApp\src\Infrastructure\Migrations\20260611032437_updb3.Designer.cs", "C#", 0, 0, 0, 1655, 0, 0, 0, 0, 0, 0, 0, 0, 0, 2, 673, 2330
"d:\SocialNetworkApp\SocialNetworkApp\src\Infrastructure\Migrations\20260611032437_updb3.cs", "C#", 0, 0, 0, 72, 0, 0, 0, 0, 0, 0, 0, 0, 0, 3, 10, 85
"d:\SocialNetworkApp\SocialNetworkApp\src\Infrastructure\Migrations\20260612151624_updb4.Designer.cs", "C#", 0, 0, 0, 1658, 0, 0, 0, 0, 0, 0, 0, 0, 0, 2, 674, 2334
"d:\SocialNetworkApp\SocialNetworkApp\src\Infrastructure\Migrations\20260612151624_updb4.cs", "C#", 0, 0, 0, 23, 0, 0, 0, 0, 0, 0, 0, 0, 0, 3, 4, 30
"d:\SocialNetworkApp\SocialNetworkApp\src\Infrastructure\Migrations\20260618015702_addsystemmessage.Designer.cs", "C#", 0, 0, 0, 1665, 0, 0, 0, 0, 0, 0, 0, 0, 0, 2, 676, 2343
"d:\SocialNetworkApp\SocialNetworkApp\src\Infrastructure\Migrations\20260618015702_addsystemmessage.cs", "C#", 0, 0, 0, 47, 0, 0, 0, 0, 0, 0, 0, 0, 0, 3, 8, 58
"d:\SocialNetworkApp\SocialNetworkApp\src\Infrastructure\Migrations\20260710145033_updatenotification.Designer.cs", "C#", 0, 0, 0, 1711, 0, 0, 0, 0, 0, 0, 0, 0, 0, 2, 698, 2411
"d:\SocialNetworkApp\SocialNetworkApp\src\Infrastructure\Migrations\20260710145033_updatenotification.cs", "C#", 0, 0, 0, 150, 0, 0, 0, 0, 0, 0, 0, 0, 0, 3, 39, 192
"d:\SocialNetworkApp\SocialNetworkApp\src\Infrastructure\Migrations\20260715080740_AddReelSearchVector.Designer.cs", "C#", 0, 0, 0, 1714, 0, 0, 0, 0, 0, 0, 0, 0, 0, 2, 699, 2415
"d:\SocialNetworkApp\SocialNetworkApp\src\Infrastructure\Migrations\20260715080740_AddReelSearchVector.cs", "C#", 0, 0, 0, 25, 0, 0, 0, 0, 0, 0, 0, 0, 0, 3, 5, 33
"d:\SocialNetworkApp\SocialNetworkApp\src\Infrastructure\Migrations\AppDbContextModelSnapshot.cs", "C#", 0, 0, 0, 1712, 0, 0, 0, 0, 0, 0, 0, 0, 0, 1, 699, 2412
"d:\SocialNetworkApp\SocialNetworkApp\src\Infrastructure\Outbox\OutboxMessage.cs", "C#", 0, 0, 0, 12, 0, 0, 0, 0, 0, 0, 0, 0, 0, 0, 6, 18
"d:\SocialNetworkApp\SocialNetworkApp\src\Infrastructure\Persistence\Configurations\BlockChatConfiguration.cs", "C#", 0, 0, 0, 23, 0, 0, 0, 0, 0, 0, 0, 0, 0, 4, 5, 32
"d:\SocialNetworkApp\SocialNetworkApp\src\Infrastructure\Persistence\Configurations\ConversationConfiguration.cs", "C#", 0, 0, 0, 38, 0, 0, 0, 0, 0, 0, 0, 0, 0, 1, 16, 55
"d:\SocialNetworkApp\SocialNetworkApp\src\Infrastructure\Persistence\Configurations\ConversationMemberConfiguration.cs", "C#", 0, 0, 0, 19, 0, 0, 0, 0, 0, 0, 0, 0, 0, 0, 2, 21
"d:\SocialNetworkApp\SocialNetworkApp\src\Infrastructure\Persistence\Configurations\FollowingConfiguration.cs", "C#", 0, 0, 0, 26, 0, 0, 0, 0, 0, 0, 0, 0, 0, 0, 7, 33
"d:\SocialNetworkApp\SocialNetworkApp\src\Infrastructure\Persistence\Configurations\FriendRequestConfiguration.cs", "C#", 0, 0, 0, 28, 0, 0, 0, 0, 0, 0, 0, 0, 0, 1, 8, 37
"d:\SocialNetworkApp\SocialNetworkApp\src\Infrastructure\Persistence\Configurations\FriendShipConfiguration.cs", "C#", 0, 0, 0, 26, 0, 0, 0, 0, 0, 0, 0, 0, 0, 0, 7, 33
"d:\SocialNetworkApp\SocialNetworkApp\src\Infrastructure\Persistence\Configurations\GroupConfiguration.cs", "C#", 0, 0, 0, 57, 0, 0, 0, 0, 0, 0, 0, 0, 0, 12, 18, 87
"d:\SocialNetworkApp\SocialNetworkApp\src\Infrastructure\Persistence\Configurations\GroupJoinRequestConfiguration.cs", "C#", 0, 0, 0, 24, 0, 0, 0, 0, 0, 0, 0, 0, 0, 4, 7, 35
"d:\SocialNetworkApp\SocialNetworkApp\src\Infrastructure\Persistence\Configurations\GroupMemberConfiguration.cs", "C#", 0, 0, 0, 21, 0, 0, 0, 0, 0, 0, 0, 0, 0, 3, 6, 30
"d:\SocialNetworkApp\SocialNetworkApp\src\Infrastructure\Persistence\Configurations\GroupRuleConfiguration.cs", "C#", 0, 0, 0, 28, 0, 0, 0, 0, 0, 0, 0, 0, 0, 1, 8, 37
"d:\SocialNetworkApp\SocialNetworkApp\src\Infrastructure\Persistence\Configurations\MessageAttachmentConfiguration.cs", "C#", 0, 0, 0, 19, 0, 0, 0, 0, 0, 0, 0, 0, 0, 0, 4, 23
"d:\SocialNetworkApp\SocialNetworkApp\src\Infrastructure\Persistence\Configurations\MessageConfiguration.cs", "C#", 0, 0, 0, 46, 0, 0, 0, 0, 0, 0, 0, 0, 0, 7, 13, 66
"d:\SocialNetworkApp\SocialNetworkApp\src\Infrastructure\Persistence\Configurations\NotificationConfiguration.cs", "C#", 0, 0, 0, 53, 0, 0, 0, 0, 0, 0, 0, 0, 0, 12, 15, 80
"d:\SocialNetworkApp\SocialNetworkApp\src\Infrastructure\Persistence\Configurations\PostCommentConfiguration.cs", "C#", 0, 0, 0, 44, 0, 0, 0, 0, 0, 0, 0, 0, 0, 11, 15, 70
"d:\SocialNetworkApp\SocialNetworkApp\src\Infrastructure\Persistence\Configurations\PostConfiguration.cs", "C#", 0, 0, 0, 96, 0, 0, 0, 0, 0, 0, 0, 0, 0, 19, 32, 147
"d:\SocialNetworkApp\SocialNetworkApp\src\Infrastructure\Persistence\Configurations\PostMediaConfiguration.cs", "C#", 0, 0, 0, 28, 0, 0, 0, 0, 0, 0, 0, 0, 0, 6, 10, 44
"d:\SocialNetworkApp\SocialNetworkApp\src\Infrastructure\Persistence\Configurations\PostTagConfiguration.cs", "C#", 0, 0, 0, 25, 0, 0, 0, 0, 0, 0, 0, 0, 0, 1, 7, 33
"d:\SocialNetworkApp\SocialNetworkApp\src\Infrastructure\Persistence\Configurations\ReactionConfiguration.cs", "C#", 0, 0, 0, 88, 0, 0, 0, 0, 0, 0, 0, 0, 0, 0, 27, 115
"d:\SocialNetworkApp\SocialNetworkApp\src\Infrastructure\Persistence\Configurations\ReelCommentConfiguration.cs", "C#", 0, 0, 0, 49, 0, 0, 0, 0, 0, 0, 0, 0, 0, 0, 16, 65
"d:\SocialNetworkApp\SocialNetworkApp\src\Infrastructure\Persistence\Configurations\ReelConfiguration.cs", "C#", 0, 0, 0, 61, 0, 0, 0, 0, 0, 0, 0, 0, 0, 1, 21, 83
"d:\SocialNetworkApp\SocialNetworkApp\src\Infrastructure\Persistence\Configurations\ReelReactionConfiguration.cs", "C#", 0, 0, 0, 32, 0, 0, 0, 0, 0, 0, 0, 0, 0, 0, 10, 42
"d:\SocialNetworkApp\SocialNetworkApp\src\Infrastructure\Persistence\Configurations\ReportedGroupContentConfiguration.cs", "C#", 0, 0, 0, 54, 0, 0, 0, 0, 0, 0, 0, 0, 0, 12, 18, 84
"d:\SocialNetworkApp\SocialNetworkApp\src\Infrastructure\Persistence\Configurations\SavedPostConfiguration.cs", "C#", 0, 0, 0, 20, 0, 0, 0, 0, 0, 0, 0, 0, 0, 3, 6, 29
"d:\SocialNetworkApp\SocialNetworkApp\src\Infrastructure\Persistence\Configurations\SchoolConfiguration.cs", "C#", 0, 0, 0, 32, 0, 0, 0, 0, 0, 0, 0, 0, 0, 8, 11, 51
"d:\SocialNetworkApp\SocialNetworkApp\src\Infrastructure\Persistence\Configurations\StoryConfiguration.cs", "C#", 0, 0, 0, 59, 0, 0, 0, 0, 0, 0, 0, 0, 0, 0, 23, 82
"d:\SocialNetworkApp\SocialNetworkApp\src\Infrastructure\Persistence\Configurations\StoryReactionConfiguration.cs", "C#", 0, 0, 0, 30, 0, 0, 0, 0, 0, 0, 0, 0, 0, 0, 11, 41
"d:\SocialNetworkApp\SocialNetworkApp\src\Infrastructure\Persistence\Configurations\StorySeenConfiguration.cs", "C#", 0, 0, 0, 30, 0, 0, 0, 0, 0, 0, 0, 0, 0, 0, 11, 41
"d:\SocialNetworkApp\SocialNetworkApp\src\Infrastructure\Persistence\Configurations\UserConfiguration.cs", "C#", 0, 0, 0, 172, 0, 0, 0, 0, 0, 0, 0, 0, 0, 36, 59, 267
"d:\SocialNetworkApp\SocialNetworkApp\src\Infrastructure\Persistence\Configurations\UserFeedConfiguration.cs", "C#", 0, 0, 0, 29, 0, 0, 0, 0, 0, 0, 0, 0, 0, 6, 9, 44
"d:\SocialNetworkApp\SocialNetworkApp\src\Infrastructure\Persistence\Contexts\AppDbContext.cs", "C#", 0, 0, 0, 126, 0, 0, 0, 0, 0, 0, 0, 0, 0, 2, 8, 136
"d:\SocialNetworkApp\SocialNetworkApp\src\Infrastructure\Persistence\Contexts\RoleSeeder.cs", "C#", 0, 0, 0, 122, 0, 0, 0, 0, 0, 0, 0, 0, 0, 4, 17, 143
"d:\SocialNetworkApp\SocialNetworkApp\src\Infrastructure\Persistence\Repositories\BirthdayRepository.cs", "C#", 0, 0, 0, 98, 0, 0, 0, 0, 0, 0, 0, 0, 0, 4, 22, 124
"d:\SocialNetworkApp\SocialNetworkApp\src\Infrastructure\Persistence\Repositories\ConversationRepository.cs", "C#", 0, 0, 0, 236, 0, 0, 0, 0, 0, 0, 0, 0, 0, 5, 33, 274
"d:\SocialNetworkApp\SocialNetworkApp\src\Infrastructure\Persistence\Repositories\FeedRepository.cs", "C#", 0, 0, 0, 215, 0, 0, 0, 0, 0, 0, 0, 0, 0, 8, 31, 254
"d:\SocialNetworkApp\SocialNetworkApp\src\Infrastructure\Persistence\Repositories\FriendRequestRepository.cs", "C#", 0, 0, 0, 68, 0, 0, 0, 0, 0, 0, 0, 0, 0, 0, 11, 79
"d:\SocialNetworkApp\SocialNetworkApp\src\Infrastructure\Persistence\Repositories\FriendshipRepository.cs", "C#", 0, 0, 0, 128, 0, 0, 0, 0, 0, 0, 0, 0, 0, 2, 20, 150
"d:\SocialNetworkApp\SocialNetworkApp\src\Infrastructure\Persistence\Repositories\GroupReportRepository.cs", "C#", 0, 0, 0, 54, 0, 0, 0, 0, 0, 0, 0, 0, 0, 0, 10, 64
"d:\SocialNetworkApp\SocialNetworkApp\src\Infrastructure\Persistence\Repositories\GroupRepository.cs", "C#", 0, 0, 0, 174, 0, 0, 0, 0, 0, 0, 0, 0, 0, 8, 30, 212
"d:\SocialNetworkApp\SocialNetworkApp\src\Infrastructure\Persistence\Repositories\MessageRepository.cs", "C#", 0, 0, 0, 184, 0, 0, 0, 0, 0, 0, 0, 0, 0, 6, 29, 219
"d:\SocialNetworkApp\SocialNetworkApp\src\Infrastructure\Persistence\Repositories\NotificationRepository.cs", "C#", 0, 0, 0, 56, 0, 0, 0, 0, 0, 0, 0, 0, 0, 0, 13, 69
"d:\SocialNetworkApp\SocialNetworkApp\src\Infrastructure\Persistence\Repositories\PostRepository.cs", "C#", 0, 0, 0, 528, 0, 0, 0, 0, 0, 0, 0, 0, 0, 17, 86, 631
"d:\SocialNetworkApp\SocialNetworkApp\src\Infrastructure\Persistence\Repositories\ReelRepository.cs", "C#", 0, 0, 0, 180, 0, 0, 0, 0, 0, 0, 0, 0, 0, 1, 31, 212
"d:\SocialNetworkApp\SocialNetworkApp\src\Infrastructure\Persistence\Repositories\SchoolRepository.cs", "C#", 0, 0, 0, 40, 0, 0, 0, 0, 0, 0, 0, 0, 0, 0, 7, 47
"d:\SocialNetworkApp\SocialNetworkApp\src\Infrastructure\Persistence\Repositories\StoryRepository.cs", "C#", 0, 0, 0, 160, 0, 0, 0, 0, 0, 0, 0, 0, 0, 0, 26, 186
"d:\SocialNetworkApp\SocialNetworkApp\src\Infrastructure\Persistence\Repositories\UnitOfWork.cs", "C#", 0, 0, 0, 17, 0, 0, 0, 0, 0, 0, 0, 0, 0, 0, 5, 22
"d:\SocialNetworkApp\SocialNetworkApp\src\Infrastructure\Persistence\Repositories\UserRepository.cs", "C#", 0, 0, 0, 102, 0, 0, 0, 0, 0, 0, 0, 0, 0, 5, 19, 126
"d:\SocialNetworkApp\SocialNetworkApp\src\Infrastructure\Services\CloudinaryUploadService.cs", "C#", 0, 0, 0, 147, 0, 0, 0, 0, 0, 0, 0, 0, 0, 0, 32, 179
"d:\SocialNetworkApp\SocialNetworkApp\src\Infrastructure\Services\FeedGenerator.cs", "C#", 0, 0, 0, 231, 0, 0, 0, 0, 0, 0, 0, 0, 0, 0, 41, 272
"d:\SocialNetworkApp\SocialNetworkApp\src\Infrastructure\Services\FriendGraphService.cs", "C#", 0, 0, 0, 228, 0, 0, 0, 0, 0, 0, 0, 0, 0, 0, 40, 268
"d:\SocialNetworkApp\SocialNetworkApp\src\Infrastructure\SignalR\CallHub.cs", "C#", 0, 0, 0, 88, 0, 0, 0, 0, 0, 0, 0, 0, 0, 5, 17, 110
"d:\SocialNetworkApp\SocialNetworkApp\src\Infrastructure\SignalR\CallHubNotifier.cs", "C#", 0, 0, 0, 83, 0, 0, 0, 0, 0, 0, 0, 0, 0, 0, 9, 92
"d:\SocialNetworkApp\SocialNetworkApp\src\Infrastructure\SignalR\ChatHub.cs", "C#", 0, 0, 0, 85, 0, 0, 0, 0, 0, 0, 0, 0, 0, 0, 20, 105
"d:\SocialNetworkApp\SocialNetworkApp\src\Infrastructure\SignalR\ChatHubNotifier.cs", "C#", 0, 0, 0, 93, 0, 0, 0, 0, 0, 0, 0, 0, 0, 0, 11, 104
"d:\SocialNetworkApp\SocialNetworkApp\src\Infrastructure\SignalR\NotificationHub.cs", "C#", 0, 0, 0, 24, 0, 0, 0, 0, 0, 0, 0, 0, 0, 5, 4, 33
"d:\SocialNetworkApp\SocialNetworkApp\src\Infrastructure\SignalR\NotificationHubNotifier.cs", "C#", 0, 0, 0, 20, 0, 0, 0, 0, 0, 0, 0, 0, 0, 6, 4, 30
"d:\SocialNetworkApp\SocialNetworkApp\src\Infrastructure\SignalR\PresenceTracker.cs", "C#", 0, 0, 0, 117, 0, 0, 0, 0, 0, 0, 0, 0, 0, 0, 22, 139
"d:\SocialNetworkApp\SocialNetworkApp\src\Infrastructure\bin\Debug\net10.0\BuildHost-netcore\Microsoft.CodeAnalysis.Workspaces.MSBuild.BuildHost.deps.json", "JSON", 0, 260, 0, 0, 0, 0, 0, 0, 0, 0, 0, 0, 0, 0, 0, 260
"d:\SocialNetworkApp\SocialNetworkApp\src\Infrastructure\bin\Debug\net10.0\BuildHost-netcore\Microsoft.CodeAnalysis.Workspaces.MSBuild.BuildHost.runtimeconfig.json", "JSON", 0, 13, 0, 0, 0, 0, 0, 0, 0, 0, 0, 0, 0, 0, 0, 13
"d:\SocialNetworkApp\SocialNetworkApp\src\Infrastructure\bin\Debug\net10.0\Infrastructure.deps.json", "JSON", 0, 1146, 0, 0, 0, 0, 0, 0, 0, 0, 0, 0, 0, 0, 0, 1146
"d:\SocialNetworkApp\SocialNetworkApp\src\Infrastructure\bin\Debug\net10.0\Infrastructure.runtimeconfig.json", "JSON", 0, 19, 0, 0, 0, 0, 0, 0, 0, 0, 0, 0, 0, 0, 0, 19
"d:\SocialNetworkApp\SocialNetworkApp\src\Infrastructure\obj\Debug\net10.0\.NETCoreApp,Version=v10.0.AssemblyAttributes.cs", "C#", 0, 0, 0, 3, 0, 0, 0, 0, 0, 0, 0, 0, 0, 1, 1, 5
"d:\SocialNetworkApp\SocialNetworkApp\src\Infrastructure\obj\Debug\net10.0\Infrastructure.AssemblyInfo.cs", "C#", 0, 0, 0, 9, 0, 0, 0, 0, 0, 0, 0, 0, 0, 10, 5, 24
"d:\SocialNetworkApp\SocialNetworkApp\src\Infrastructure\obj\Debug\net10.0\Infrastructure.GeneratedMSBuildEditorConfig.editorconfig", "Properties", 0, 0, 0, 0, 0, 0, 0, 25, 0, 0, 0, 0, 0, 0, 1, 26
"d:\SocialNetworkApp\SocialNetworkApp\src\Infrastructure\obj\Debug\net10.0\Infrastructure.GlobalUsings.g.cs", "C#", 0, 0, 0, 7, 0, 0, 0, 0, 0, 0, 0, 0, 0, 1, 1, 9
"d:\SocialNetworkApp\SocialNetworkApp\src\Infrastructure\obj\Debug\net10.0\Infrastructure.sourcelink.json", "JSON", 0, 1, 0, 0, 0, 0, 0, 0, 0, 0, 0, 0, 0, 0, 0, 1
"d:\SocialNetworkApp\SocialNetworkApp\src\Infrastructure\obj\Infrastructure.csproj.nuget.dgspec.json", "JSON", 0, 1220, 0, 0, 0, 0, 0, 0, 0, 0, 0, 0, 0, 0, 0, 1220
"d:\SocialNetworkApp\SocialNetworkApp\src\Infrastructure\obj\Infrastructure.csproj.nuget.g.props", "XML", 0, 0, 0, 0, 25, 0, 0, 0, 0, 0, 0, 0, 0, 0, 0, 25
"d:\SocialNetworkApp\SocialNetworkApp\src\Infrastructure\obj\Infrastructure.csproj.nuget.g.targets", "XML", 0, 0, 0, 0, 7, 0, 0, 0, 0, 0, 0, 0, 0, 0, 0, 7
"d:\SocialNetworkApp\SocialNetworkApp\src\Infrastructure\obj\Release\net10.0\.NETCoreApp,Version=v10.0.AssemblyAttributes.cs", "C#", 0, 0, 0, 3, 0, 0, 0, 0, 0, 0, 0, 0, 0, 1, 1, 5
"d:\SocialNetworkApp\SocialNetworkApp\src\Infrastructure\obj\Release\net10.0\Infrastructure.AssemblyInfo.cs", "C#", 0, 0, 0, 9, 0, 0, 0, 0, 0, 0, 0, 0, 0, 10, 5, 24
"d:\SocialNetworkApp\SocialNetworkApp\src\Infrastructure\obj\Release\net10.0\Infrastructure.GeneratedMSBuildEditorConfig.editorconfig", "Properties", 0, 0, 0, 0, 0, 0, 0, 25, 0, 0, 0, 0, 0, 0, 1, 26
"d:\SocialNetworkApp\SocialNetworkApp\src\Infrastructure\obj\Release\net10.0\Infrastructure.GlobalUsings.g.cs", "C#", 0, 0, 0, 7, 0, 0, 0, 0, 0, 0, 0, 0, 0, 1, 1, 9
"d:\SocialNetworkApp\SocialNetworkApp\src\Infrastructure\obj\project.assets.json", "JSON", 0, 3784, 0, 0, 0, 0, 0, 0, 0, 0, 0, 0, 0, 0, 0, 3784
"d:\SocialNetworkApp\SocialNetworkApp\src\PROJECT_DESCRIPTION.md", "Markdown", 148, 0, 0, 0, 0, 0, 0, 0, 0, 0, 0, 0, 0, 0, 27, 175
"d:\SocialNetworkApp\SocialNetworkApp\src\Presentation\Abstractions\ApiController.cs", "C#", 0, 0, 0, 34, 0, 0, 0, 0, 0, 0, 0, 0, 0, 0, 3, 37
"d:\SocialNetworkApp\SocialNetworkApp\src\Presentation\Contracts\Auth\LoginRequest.cs", "C#", 0, 0, 0, 6, 0, 0, 0, 0, 0, 0, 0, 0, 0, 0, 1, 7
"d:\SocialNetworkApp\SocialNetworkApp\src\Presentation\Contracts\Auth\RegisterRequest.cs", "C#", 0, 0, 0, 12, 0, 0, 0, 0, 0, 0, 0, 0, 0, 0, 1, 13
"d:\SocialNetworkApp\SocialNetworkApp\src\Presentation\Contracts\Conversation\AddMemberToConversationRequest.cs", "C#", 0, 0, 0, 3, 0, 0, 0, 0, 0, 0, 0, 0, 0, 0, 2, 5
"d:\SocialNetworkApp\SocialNetworkApp\src\Presentation\Contracts\Conversation\CreateConversationRequest.cs", "C#", 0, 0, 0, 4, 0, 0, 0, 0, 0, 0, 0, 0, 0, 0, 1, 5
"d:\SocialNetworkApp\SocialNetworkApp\src\Presentation\Contracts\Conversation\UpdateConversationRequest.cs", "C#", 0, 0, 0, 6, 0, 0, 0, 0, 0, 0, 0, 0, 0, 0, 2, 8
"d:\SocialNetworkApp\SocialNetworkApp\src\Presentation\Contracts\Group\AssignGroupRoleRequest.cs", "C#", 0, 0, 0, 7, 0, 0, 0, 0, 0, 0, 0, 0, 0, 0, 1, 8
"d:\SocialNetworkApp\SocialNetworkApp\src\Presentation\Contracts\Group\CreateGroupRequest.cs", "C#", 0, 0, 0, 8, 0, 0, 0, 0, 0, 0, 0, 0, 0, 0, 1, 9
"d:\SocialNetworkApp\SocialNetworkApp\src\Presentation\Contracts\Group\CreateGroupRuleRequest.cs", "C#", 0, 0, 0, 4, 0, 0, 0, 0, 0, 0, 0, 0, 0, 0, 1, 5
"d:\SocialNetworkApp\SocialNetworkApp\src\Presentation\Contracts\Group\ExecuteReportedContentRequest.cs", "C#", 0, 0, 0, 8, 0, 0, 0, 0, 0, 0, 0, 0, 0, 0, 1, 9
"d:\SocialNetworkApp\SocialNetworkApp\src\Presentation\Contracts\Group\ReportGroupPostRequest.cs", "C#", 0, 0, 0, 8, 0, 0, 0, 0, 0, 0, 0, 0, 0, 0, 1, 9
"d:\SocialNetworkApp\SocialNetworkApp\src\Presentation\Contracts\Group\ReviewGroupJoinRequest.cs", "C#", 0, 0, 0, 4, 0, 0, 0, 0, 0, 0, 0, 0, 0, 0, 1, 5
"d:\SocialNetworkApp\SocialNetworkApp\src\Presentation\Contracts\Group\ReviewGroupPostRequest.cs", "C#", 0, 0, 0, 4, 0, 0, 0, 0, 0, 0, 0, 0, 0, 0, 1, 5
"d:\SocialNetworkApp\SocialNetworkApp\src\Presentation\Contracts\Group\UpdateGroupRequest.cs", "C#", 0, 0, 0, 12, 0, 0, 0, 0, 0, 0, 0, 0, 0, 0, 1, 13
"d:\SocialNetworkApp\SocialNetworkApp\src\Presentation\Contracts\Group\UpdateGroupRuleRequest.cs", "C#", 0, 0, 0, 4, 0, 0, 0, 0, 0, 0, 0, 0, 0, 0, 1, 5
"d:\SocialNetworkApp\SocialNetworkApp\src\Presentation\Contracts\Message\MarkMessagesAsSeenRequest.cs", "C#", 0, 0, 0, 2, 0, 0, 0, 0, 0, 0, 0, 0, 0, 0, 2, 4
"d:\SocialNetworkApp\SocialNetworkApp\src\Presentation\Contracts\Message\MessagesAroundResponse.cs", "C#", 0, 0, 0, 7, 0, 0, 0, 0, 0, 0, 0, 0, 0, 0, 3, 10
"d:\SocialNetworkApp\SocialNetworkApp\src\Presentation\Contracts\Message\ReactToMessageRequest.cs", "C#", 0, 0, 0, 2, 0, 0, 0, 0, 0, 0, 0, 0, 0, 0, 2, 4
"d:\SocialNetworkApp\SocialNetworkApp\src\Presentation\Contracts\Message\SendMessageRequest.cs", "C#", 0, 0, 0, 4, 0, 0, 0, 0, 0, 0, 0, 0, 0, 0, 1, 5
"d:\SocialNetworkApp\SocialNetworkApp\src\Presentation\Contracts\Message\UpdateMessageRequest.cs", "C#", 0, 0, 0, 6, 0, 0, 0, 0, 0, 0, 0, 0, 0, 0, 1, 7
"d:\SocialNetworkApp\SocialNetworkApp\src\Presentation\Contracts\Post\CreateCommentRequest.cs", "C#", 0, 0, 0, 9, 0, 0, 0, 0, 0, 0, 0, 0, 0, 0, 2, 11
"d:\SocialNetworkApp\SocialNetworkApp\src\Presentation\Contracts\Post\CreatePostRequest.cs", "C#", 0, 0, 0, 17, 0, 0, 0, 0, 0, 0, 0, 0, 0, 0, 2, 19
"d:\SocialNetworkApp\SocialNetworkApp\src\Presentation\Contracts\Post\ReactToCommentRequest.cs", "C#", 0, 0, 0, 7, 0, 0, 0, 0, 0, 0, 0, 0, 0, 0, 2, 9
"d:\SocialNetworkApp\SocialNetworkApp\src\Presentation\Contracts\Post\ReactToPostRequest.cs", "C#", 0, 0, 0, 7, 0, 0, 0, 0, 0, 0, 0, 0, 0, 0, 2, 9
"d:\SocialNetworkApp\SocialNetworkApp\src\Presentation\Contracts\Post\UpdatePostRequest.cs", "C#", 0, 0, 0, 11, 0, 0, 0, 0, 0, 0, 0, 0, 0, 0, 2, 13
"d:\SocialNetworkApp\SocialNetworkApp\src\Presentation\Contracts\Post\UpdatePostWithAttachmentsRequest.cs", "C#", 0, 0, 0, 14, 0, 0, 0, 0, 0, 0, 0, 0, 0, 0, 2, 16
"d:\SocialNetworkApp\SocialNetworkApp\src\Presentation\Contracts\Reel\CreateReelCommentRequest.cs", "C#", 0, 0, 0, 6, 0, 0, 0, 0, 0, 0, 0, 0, 0, 0, 2, 8
"d:\SocialNetworkApp\SocialNetworkApp\src\Presentation\Contracts\Reel\CreateReelRequest.cs", "C#", 0, 0, 0, 12, 0, 0, 0, 0, 0, 0, 0, 0, 0, 0, 2, 14
"d:\SocialNetworkApp\SocialNetworkApp\src\Presentation\Contracts\School\AddSchoolRequest.cs", "C#", 0, 0, 0, 12, 0, 0, 0, 0, 0, 0, 0, 0, 0, 0, 2, 14
"d:\SocialNetworkApp\SocialNetworkApp\src\Presentation\Contracts\School\UpdateSchoolRequest.cs", "C#", 0, 0, 0, 12, 0, 0, 0, 0, 0, 0, 0, 0, 0, 0, 2, 14
"d:\SocialNetworkApp\SocialNetworkApp\src\Presentation\Contracts\Story\CreateStoryRequest.cs", "C#", 0, 0, 0, 14, 0, 0, 0, 0, 0, 0, 0, 0, 0, 0, 3, 17
"d:\SocialNetworkApp\SocialNetworkApp\src\Presentation\Contracts\User\GetOnlineStateRequest.cs", "C#", 0, 0, 0, 2, 0, 0, 0, 0, 0, 0, 0, 0, 0, 0, 2, 4
"d:\SocialNetworkApp\SocialNetworkApp\src\Presentation\Contracts\User\UpdateInfoRequest.cs", "C#", 0, 0, 0, 16, 0, 0, 0, 0, 0, 0, 0, 0, 0, 0, 2, 18
"d:\SocialNetworkApp\SocialNetworkApp\src\Presentation\Controllers\AdminController.cs", "C#", 0, 0, 0, 189, 0, 0, 0, 0, 0, 0, 0, 0, 0, 18, 30, 237
"d:\SocialNetworkApp\SocialNetworkApp\src\Presentation\Controllers\AuthController.cs", "C#", 0, 0, 0, 49, 0, 0, 0, 0, 0, 0, 0, 0, 0, 0, 9, 58
"d:\SocialNetworkApp\SocialNetworkApp\src\Presentation\Controllers\ConversationController.cs", "C#", 0, 0, 0, 297, 0, 0, 0, 0, 0, 0, 0, 0, 0, 12, 84, 393
"d:\SocialNetworkApp\SocialNetworkApp\src\Presentation\Controllers\FriendController.cs", "C#", 0, 0, 0, 158, 0, 0, 0, 0, 0, 0, 0, 0, 0, 1, 39, 198
"d:\SocialNetworkApp\SocialNetworkApp\src\Presentation\Controllers\GroupController.cs", "C#", 0, 0, 0, 380, 0, 0, 0, 0, 0, 0, 0, 0, 0, 0, 67, 447
"d:\SocialNetworkApp\SocialNetworkApp\src\Presentation\Controllers\MessageController.cs", "C#", 0, 0, 0, 283, 0, 0, 0, 0, 0, 0, 0, 0, 0, 0, 71, 354
"d:\SocialNetworkApp\SocialNetworkApp\src\Presentation\Controllers\NotificationController.cs", "C#", 0, 0, 0, 36, 0, 0, 0, 0, 0, 0, 0, 0, 0, 0, 5, 41
"d:\SocialNetworkApp\SocialNetworkApp\src\Presentation\Controllers\PostController.cs", "C#", 0, 0, 0, 410, 0, 0, 0, 0, 0, 0, 0, 0, 0, 0, 74, 484
"d:\SocialNetworkApp\SocialNetworkApp\src\Presentation\Controllers\ReelController.cs", "C#", 0, 0, 0, 218, 0, 0, 0, 0, 0, 0, 0, 0, 0, 0, 50, 268
"d:\SocialNetworkApp\SocialNetworkApp\src\Presentation\Controllers\SchoolController.cs", "C#", 0, 0, 0, 91, 0, 0, 0, 0, 0, 0, 0, 0, 0, 0, 22, 113
"d:\SocialNetworkApp\SocialNetworkApp\src\Presentation\Controllers\StoryController.cs", "C#", 0, 0, 0, 136, 0, 0, 0, 0, 0, 0, 0, 0, 0, 0, 33, 169
"d:\SocialNetworkApp\SocialNetworkApp\src\Presentation\Controllers\TestController.cs", "C#", 0, 0, 0, 25, 0, 0, 0, 0, 0, 0, 0, 0, 0, 0, 1, 26
"d:\SocialNetworkApp\SocialNetworkApp\src\Presentation\Controllers\UserController.cs", "C#", 0, 0, 0, 228, 0, 0, 0, 0, 0, 0, 0, 0, 0, 6, 56, 290
"d:\SocialNetworkApp\SocialNetworkApp\src\Presentation\DependencyInjection.cs", "C#", 0, 0, 0, 13, 0, 0, 0, 0, 0, 0, 0, 0, 0, 0, 0, 13
"d:\SocialNetworkApp\SocialNetworkApp\src\Presentation\Presentation.csproj", "XML", 0, 0, 0, 0, 14, 0, 0, 0, 0, 0, 0, 0, 0, 0, 5, 19
"d:\SocialNetworkApp\SocialNetworkApp\src\Presentation\Shared\CustomProblemDetails.cs", "C#", 0, 0, 0, 21, 0, 0, 0, 0, 0, 0, 0, 0, 0, 0, 2, 23
"d:\SocialNetworkApp\SocialNetworkApp\src\Presentation\bin\Debug\net10.0\Presentation.deps.json", "JSON", 0, 421, 0, 0, 0, 0, 0, 0, 0, 0, 0, 0, 0, 0, 0, 421
"d:\SocialNetworkApp\SocialNetworkApp\src\Presentation\obj\Debug\net10.0\.NETCoreApp,Version=v10.0.AssemblyAttributes.cs", "C#", 0, 0, 0, 3, 0, 0, 0, 0, 0, 0, 0, 0, 0, 1, 1, 5
"d:\SocialNetworkApp\SocialNetworkApp\src\Presentation\obj\Debug\net10.0\Presentation.AssemblyInfo.cs", "C#", 0, 0, 0, 9, 0, 0, 0, 0, 0, 0, 0, 0, 0, 10, 5, 24
"d:\SocialNetworkApp\SocialNetworkApp\src\Presentation\obj\Debug\net10.0\Presentation.GeneratedMSBuildEditorConfig.editorconfig", "Properties", 0, 0, 0, 0, 0, 0, 0, 17, 0, 0, 0, 0, 0, 0, 1, 18
"d:\SocialNetworkApp\SocialNetworkApp\src\Presentation\obj\Debug\net10.0\Presentation.GlobalUsings.g.cs", "C#", 0, 0, 0, 7, 0, 0, 0, 0, 0, 0, 0, 0, 0, 1, 1, 9
"d:\SocialNetworkApp\SocialNetworkApp\src\Presentation\obj\Debug\net10.0\Presentation.sourcelink.json", "JSON", 0, 1, 0, 0, 0, 0, 0, 0, 0, 0, 0, 0, 0, 0, 0, 1
"d:\SocialNetworkApp\SocialNetworkApp\src\Presentation\obj\Presentation.csproj.nuget.dgspec.json", "JSON", 0, 1706, 0, 0, 0, 0, 0, 0, 0, 0, 0, 0, 0, 0, 0, 1706
"d:\SocialNetworkApp\SocialNetworkApp\src\Presentation\obj\Presentation.csproj.nuget.g.props", "XML", 0, 0, 0, 0, 19, 0, 0, 0, 0, 0, 0, 0, 0, 0, 0, 19
"d:\SocialNetworkApp\SocialNetworkApp\src\Presentation\obj\Presentation.csproj.nuget.g.targets", "XML", 0, 0, 0, 0, 2, 0, 0, 0, 0, 0, 0, 0, 0, 0, 0, 2
"d:\SocialNetworkApp\SocialNetworkApp\src\Presentation\obj\Release\net10.0\.NETCoreApp,Version=v10.0.AssemblyAttributes.cs", "C#", 0, 0, 0, 3, 0, 0, 0, 0, 0, 0, 0, 0, 0, 1, 1, 5
"d:\SocialNetworkApp\SocialNetworkApp\src\Presentation\obj\Release\net10.0\Presentation.AssemblyInfo.cs", "C#", 0, 0, 0, 9, 0, 0, 0, 0, 0, 0, 0, 0, 0, 10, 5, 24
"d:\SocialNetworkApp\SocialNetworkApp\src\Presentation\obj\Release\net10.0\Presentation.GeneratedMSBuildEditorConfig.editorconfig", "Properties", 0, 0, 0, 0, 0, 0, 0, 17, 0, 0, 0, 0, 0, 0, 1, 18
"d:\SocialNetworkApp\SocialNetworkApp\src\Presentation\obj\Release\net10.0\Presentation.GlobalUsings.g.cs", "C#", 0, 0, 0, 7, 0, 0, 0, 0, 0, 0, 0, 0, 0, 1, 1, 9
"d:\SocialNetworkApp\SocialNetworkApp\src\Presentation\obj\project.assets.json", "JSON", 0, 1302, 0, 0, 0, 0, 0, 0, 0, 0, 0, 0, 0, 0, 0, 1302
"d:\SocialNetworkApp\SocialNetworkApp\src\ReactWeb\.env", "Dotenv", 0, 0, 0, 0, 0, 0, 0, 0, 0, 0, 0, 0, 5, 0, 0, 5
"d:\SocialNetworkApp\SocialNetworkApp\src\ReactWeb\README.md", "Markdown", 9, 0, 0, 0, 0, 0, 0, 0, 0, 0, 0, 0, 0, 0, 8, 17
"d:\SocialNetworkApp\SocialNetworkApp\src\ReactWeb\eslint.config.js", "JavaScript", 0, 0, 0, 0, 0, 28, 0, 0, 0, 0, 0, 0, 0, 0, 2, 30
"d:\SocialNetworkApp\SocialNetworkApp\src\ReactWeb\index.html", "HTML", 0, 0, 0, 0, 0, 0, 0, 0, 0, 0, 13, 0, 0, 0, 1, 14
"d:\SocialNetworkApp\SocialNetworkApp\src\ReactWeb\package-lock.json", "JSON", 0, 4050, 0, 0, 0, 0, 0, 0, 0, 0, 0, 0, 0, 0, 1, 4051
"d:\SocialNetworkApp\SocialNetworkApp\src\ReactWeb\package.json", "JSON", 0, 37, 0, 0, 0, 0, 0, 0, 0, 0, 0, 0, 0, 0, 1, 38
"d:\SocialNetworkApp\SocialNetworkApp\src\ReactWeb\public\vite.svg", "XML", 0, 0, 0, 0, 1, 0, 0, 0, 0, 0, 0, 0, 0, 0, 0, 1
"d:\SocialNetworkApp\SocialNetworkApp\src\ReactWeb\src\App.css", "PostCSS", 0, 0, 0, 0, 0, 0, 22, 0, 0, 0, 0, 0, 0, 0, 3, 25
"d:\SocialNetworkApp\SocialNetworkApp\src\ReactWeb\src\App.jsx", "JavaScript JSX", 0, 0, 0, 0, 0, 0, 0, 0, 79, 0, 0, 0, 0, 2, 4, 85
"d:\SocialNetworkApp\SocialNetworkApp\src\ReactWeb\src\apis\authApi.js", "JavaScript", 0, 0, 0, 0, 0, 26, 0, 0, 0, 0, 0, 0, 0, 7, 2, 35
"d:\SocialNetworkApp\SocialNetworkApp\src\ReactWeb\src\apis\axios.js", "JavaScript", 0, 0, 0, 0, 0, 36, 0, 0, 0, 0, 0, 0, 0, 6, 8, 50
"d:\SocialNetworkApp\SocialNetworkApp\src\ReactWeb\src\apis\birthdayApi.js", "JavaScript", 0, 0, 0, 0, 0, 9, 0, 0, 0, 0, 0, 0, 0, 0, 3, 12
"d:\SocialNetworkApp\SocialNetworkApp\src\ReactWeb\src\apis\conversationApi.js", "JavaScript", 0, 0, 0, 0, 0, 91, 0, 0, 0, 0, 0, 0, 0, 62, 20, 173
"d:\SocialNetworkApp\SocialNetworkApp\src\ReactWeb\src\apis\friendApi.js", "JavaScript", 0, 0, 0, 0, 0, 61, 0, 0, 0, 0, 0, 0, 0, 52, 13, 126
"d:\SocialNetworkApp\SocialNetworkApp\src\ReactWeb\src\apis\groupApi.js", "JavaScript", 0, 0, 0, 0, 0, 132, 0, 0, 0, 0, 0, 0, 0, 115, 22, 269
"d:\SocialNetworkApp\SocialNetworkApp\src\ReactWeb\src\apis\messageApi.js", "JavaScript", 0, 0, 0, 0, 0, 64, 0, 0, 0, 0, 0, 0, 0, 41, 12, 117
"d:\SocialNetworkApp\SocialNetworkApp\src\ReactWeb\src\apis\notificationApi.js", "JavaScript", 0, 0, 0, 0, 0, 15, 0, 0, 0, 0, 0, 0, 0, 0, 3, 18
"d:\SocialNetworkApp\SocialNetworkApp\src\ReactWeb\src\apis\postApi.js", "JavaScript", 0, 0, 0, 0, 0, 149, 0, 0, 0, 0, 0, 0, 0, 67, 39, 255
"d:\SocialNetworkApp\SocialNetworkApp\src\ReactWeb\src\apis\reelApi.js", "JavaScript", 0, 0, 0, 0, 0, 72, 0, 0, 0, 0, 0, 0, 0, 0, 15, 87
"d:\SocialNetworkApp\SocialNetworkApp\src\ReactWeb\src\apis\schoolApi.js", "JavaScript", 0, 0, 0, 0, 0, 17, 0, 0, 0, 0, 0, 0, 0, 0, 7, 24
"d:\SocialNetworkApp\SocialNetworkApp\src\ReactWeb\src\apis\searchApi.js", "JavaScript", 0, 0, 0, 0, 0, 26, 0, 0, 0, 0, 0, 0, 0, 12, 6, 44
"d:\SocialNetworkApp\SocialNetworkApp\src\ReactWeb\src\apis\storyApi.js", "JavaScript", 0, 0, 0, 0, 0, 31, 0, 0, 0, 0, 0, 0, 0, 0, 9, 40
"d:\SocialNetworkApp\SocialNetworkApp\src\ReactWeb\src\apis\userApi.js", "JavaScript", 0, 0, 0, 0, 0, 33, 0, 0, 0, 0, 0, 0, 0, 15, 10, 58
"d:\SocialNetworkApp\SocialNetworkApp\src\ReactWeb\src\assets\react.svg", "XML", 0, 0, 0, 0, 1, 0, 0, 0, 0, 0, 0, 0, 0, 0, 0, 1
"d:\SocialNetworkApp\SocialNetworkApp\src\ReactWeb\src\components\Common\ImageLightbox.jsx", "JavaScript JSX", 0, 0, 0, 0, 0, 0, 0, 0, 87, 0, 0, 0, 0, 10, 7, 104
"d:\SocialNetworkApp\SocialNetworkApp\src\ReactWeb\src\components\Feed\CreatePost.jsx", "JavaScript JSX", 0, 0, 0, 0, 0, 0, 0, 0, 56, 0, 0, 0, 0, 2, 6, 64
"d:\SocialNetworkApp\SocialNetworkApp\src\ReactWeb\src\components\Feed\HomeReelsRail.jsx", "JavaScript JSX", 0, 0, 0, 0, 0, 0, 0, 0, 118, 0, 0, 0, 0, 0, 10, 128
"d:\SocialNetworkApp\SocialNetworkApp\src\ReactWeb\src\components\Feed\MediaGallery.jsx", "JavaScript JSX", 0, 0, 0, 0, 0, 0, 0, 0, 249, 0, 0, 0, 0, 5, 28, 282
"d:\SocialNetworkApp\SocialNetworkApp\src\ReactWeb\src\components\Feed\PostCard.jsx", "JavaScript JSX", 0, 0, 0, 0, 0, 0, 0, 0, 877, 0, 0, 0, 0, 26, 88, 991
"d:\SocialNetworkApp\SocialNetworkApp\src\ReactWeb\src\components\Feed\PostComment.jsx", "JavaScript JSX", 0, 0, 0, 0, 0, 0, 0, 0, 284, 0, 0, 0, 0, 14, 28, 326
"d:\SocialNetworkApp\SocialNetworkApp\src\ReactWeb\src\components\Feed\PostModal.jsx", "JavaScript JSX", 0, 0, 0, 0, 0, 0, 0, 0, 232, 0, 0, 0, 0, 1, 18, 251
"d:\SocialNetworkApp\SocialNetworkApp\src\ReactWeb\src\components\Feed\ShareModal.jsx", "JavaScript JSX", 0, 0, 0, 0, 0, 0, 0, 0, 183, 0, 0, 0, 0, 14, 21, 218
"d:\SocialNetworkApp\SocialNetworkApp\src\ReactWeb\src\components\Feed\StoryBar.jsx", "JavaScript JSX", 0, 0, 0, 0, 0, 0, 0, 0, 139, 0, 0, 0, 0, 10, 14, 163
"d:\SocialNetworkApp\SocialNetworkApp\src\ReactWeb\src\components\Feed\StoryBarRing.jsx", "JavaScript JSX", 0, 0, 0, 0, 0, 0, 0, 0, 101, 0, 0, 0, 0, 15, 10, 126
"d:\SocialNetworkApp\SocialNetworkApp\src\ReactWeb\src\components\Feed\UpdatingPostModal.jsx", "JavaScript JSX", 0, 0, 0, 0, 0, 0, 0, 0, 476, 0, 0, 0, 0, 14, 38, 528
"d:\SocialNetworkApp\SocialNetworkApp\src\ReactWeb\src\components\Messenger\ActiveCallUI.jsx", "JavaScript JSX", 0, 0, 0, 0, 0, 0, 0, 0, 242, 0, 0, 0, 0, 30, 22, 294
"d:\SocialNetworkApp\SocialNetworkApp\src\ReactWeb\src\components\Messenger\AddMemberModal.jsx", "JavaScript JSX", 0, 0, 0, 0, 0, 0, 0, 0, 183, 0, 0, 0, 0, 5, 17, 205
"d:\SocialNetworkApp\SocialNetworkApp\src\ReactWeb\src\components\Messenger\BlockedBanner.jsx", "JavaScript JSX", 0, 0, 0, 0, 0, 0, 0, 0, 40, 0, 0, 0, 0, 10, 4, 54
"d:\SocialNetworkApp\SocialNetworkApp\src\ReactWeb\src\components\Messenger\ChangeEmojiModal.jsx", "JavaScript JSX", 0, 0, 0, 0, 0, 0, 0, 0, 98, 0, 0, 0, 0, 4, 8, 110
"d:\SocialNetworkApp\SocialNetworkApp\src\ReactWeb\src\components\Messenger\ChangeNameModal.jsx", "JavaScript JSX", 0, 0, 0, 0, 0, 0, 0, 0, 105, 0, 0, 0, 0, 3, 7, 115
"d:\SocialNetworkApp\SocialNetworkApp\src\ReactWeb\src\components\Messenger\ChangeThemeModal.jsx", "JavaScript JSX", 0, 0, 0, 0, 0, 0, 0, 0, 105, 0, 0, 0, 0, 6, 6, 117
"d:\SocialNetworkApp\SocialNetworkApp\src\ReactWeb\src\components\Messenger\ChatInfoDirect.jsx", "JavaScript JSX", 0, 0, 0, 0, 0, 0, 0, 0, 342, 0, 0, 0, 0, 9, 30, 381
"d:\SocialNetworkApp\SocialNetworkApp\src\ReactWeb\src\components\Messenger\ChatInfoGroup.jsx", "JavaScript JSX", 0, 0, 0, 0, 0, 0, 0, 0, 537, 0, 0, 0, 0, 13, 44, 594
"d:\SocialNetworkApp\SocialNetworkApp\src\ReactWeb\src\components\Messenger\ConfirmModal.jsx", "JavaScript JSX", 0, 0, 0, 0, 0, 0, 0, 0, 49, 0, 0, 0, 0, 13, 3, 65
"d:\SocialNetworkApp\SocialNetworkApp\src\ReactWeb\src\components\Messenger\CreateGroupModal.jsx", "JavaScript JSX", 0, 0, 0, 0, 0, 0, 0, 0, 187, 0, 0, 0, 0, 9, 18, 214
"d:\SocialNetworkApp\SocialNetworkApp\src\ReactWeb\src\components\Messenger\IncomingCallModal.jsx", "JavaScript JSX", 0, 0, 0, 0, 0, 0, 0, 0, 93, 0, 0, 0, 0, 5, 12, 110
"d:\SocialNetworkApp\SocialNetworkApp\src\ReactWeb\src\components\Messenger\MessengerFull.jsx", "JavaScript JSX", 0, 0, 0, 0, 0, 0, 0, 0, 1839, 0, 0, 0, 0, 128, 158, 2125
"d:\SocialNetworkApp\SocialNetworkApp\src\ReactWeb\src\components\Messenger\SharedMediaModal.jsx", "JavaScript JSX", 0, 0, 0, 0, 0, 0, 0, 0, 300, 0, 0, 0, 0, 16, 30, 346
"d:\SocialNetworkApp\SocialNetworkApp\src\ReactWeb\src\components\Messenger\ViewPinnedMessagesModal.jsx", "JavaScript JSX", 0, 0, 0, 0, 0, 0, 0, 0, 201, 0, 0, 0, 0, 13, 20, 234
"d:\SocialNetworkApp\SocialNetworkApp\src\ReactWeb\src\components\Messenger\VoiceRecorder.jsx", "JavaScript JSX", 0, 0, 0, 0, 0, 0, 0, 0, 348, 0, 0, 0, 0, 22, 41, 411
"d:\SocialNetworkApp\SocialNetworkApp\src\ReactWeb\src\components\Navbar\Navbar.jsx", "JavaScript JSX", 0, 0, 0, 0, 0, 0, 0, 0, 286, 0, 0, 0, 0, 12, 24, 322
"d:\SocialNetworkApp\SocialNetworkApp\src\ReactWeb\src\components\Navbar\NotificationDropdown.jsx", "JavaScript JSX", 0, 0, 0, 0, 0, 0, 0, 0, 184, 0, 0, 0, 0, 7, 17, 208
"d:\SocialNetworkApp\SocialNetworkApp\src\ReactWeb\src\components\Profile\AboutTab.jsx", "JavaScript JSX", 0, 0, 0, 0, 0, 0, 0, 0, 429, 0, 0, 0, 0, 15, 39, 483
"d:\SocialNetworkApp\SocialNetworkApp\src\ReactWeb\src\components\Profile\CreatePostModal.jsx", "JavaScript JSX", 0, 0, 0, 0, 0, 0, 0, 0, 778, 0, 0, 0, 0, 40, 52, 870
"d:\SocialNetworkApp\SocialNetworkApp\src\ReactWeb\src\components\Profile\CreateReelModal.jsx", "JavaScript JSX", 0, 0, 0, 0, 0, 0, 0, 0, 448, 0, 0, 0, 0, 0, 49, 497
"d:\SocialNetworkApp\SocialNetworkApp\src\ReactWeb\src\components\Profile\FollowingTab.jsx", "JavaScript JSX", 0, 0, 0, 0, 0, 0, 0, 0, 108, 0, 0, 0, 0, 11, 20, 139
"d:\SocialNetworkApp\SocialNetworkApp\src\ReactWeb\src\components\Profile\FriendsTab.jsx", "JavaScript JSX", 0, 0, 0, 0, 0, 0, 0, 0, 199, 0, 0, 0, 0, 19, 30, 248
"d:\SocialNetworkApp\SocialNetworkApp\src\ReactWeb\src\components\Profile\MediaTab.jsx", "JavaScript JSX", 0, 0, 0, 0, 0, 0, 0, 0, 183, 0, 0, 0, 0, 0, 14, 197
"d:\SocialNetworkApp\SocialNetworkApp\src\ReactWeb\src\components\Profile\ProfileReelsTab.jsx", "JavaScript JSX", 0, 0, 0, 0, 0, 0, 0, 0, 162, 0, 0, 0, 0, 1, 10, 173
"d:\SocialNetworkApp\SocialNetworkApp\src\ReactWeb\src\components\Profile\ProfileRelationshipActions.jsx", "JavaScript JSX", 0, 0, 0, 0, 0, 0, 0, 0, 440, 0, 0, 0, 0, 16, 41, 497
"d:\SocialNetworkApp\SocialNetworkApp\src\ReactWeb\src\components\ProtectedRoute.jsx", "JavaScript JSX", 0, 0, 0, 0, 0, 0, 0, 0, 17, 0, 0, 0, 0, 0, 5, 22
"d:\SocialNetworkApp\SocialNetworkApp\src\ReactWeb\src\components\Reels\ReelCommentModal.jsx", "JavaScript JSX", 0, 0, 0, 0, 0, 0, 0, 0, 143, 0, 0, 0, 0, 7, 12, 162
"d:\SocialNetworkApp\SocialNetworkApp\src\ReactWeb\src\components\Reels\ReelView.jsx", "JavaScript JSX", 0, 0, 0, 0, 0, 0, 0, 0, 395, 0, 0, 0, 0, 42, 39, 476
"d:\SocialNetworkApp\SocialNetworkApp\src\ReactWeb\src\components\Reels\ReelViewModal.jsx", "JavaScript JSX", 0, 0, 0, 0, 0, 0, 0, 0, 260, 0, 0, 0, 0, 9, 19, 288
"d:\SocialNetworkApp\SocialNetworkApp\src\ReactWeb\src\components\RightSidebar\RightSidebar.jsx", "JavaScript JSX", 0, 0, 0, 0, 0, 0, 0, 0, 200, 0, 0, 0, 0, 22, 21, 243
"d:\SocialNetworkApp\SocialNetworkApp\src\ReactWeb\src\components\Sidebar\LeftSidebar.jsx", "JavaScript JSX", 0, 0, 0, 0, 0, 0, 0, 0, 139, 0, 0, 0, 0, 2, 17, 158
"d:\SocialNetworkApp\SocialNetworkApp\src\ReactWeb\src\components\Story\ProfileStoryRing.jsx", "JavaScript JSX", 0, 0, 0, 0, 0, 0, 0, 0, 197, 0, 0, 0, 0, 28, 17, 242
"d:\SocialNetworkApp\SocialNetworkApp\src\ReactWeb\src\components\Story\UserStoryViewer.jsx", "JavaScript JSX", 0, 0, 0, 0, 0, 0, 0, 0, 497, 0, 0, 0, 0, 11, 56, 564
"d:\SocialNetworkApp\SocialNetworkApp\src\ReactWeb\src\components\Story\storyMappers.js", "JavaScript", 0, 0, 0, 0, 0, 94, 0, 0, 0, 0, 0, 0, 0, 0, 16, 110
"d:\SocialNetworkApp\SocialNetworkApp\src\ReactWeb\src\components\group\GroupAdminInsights.jsx", "JavaScript JSX", 0, 0, 0, 0, 0, 0, 0, 0, 373, 0, 0, 0, 0, 4, 28, 405
"d:\SocialNetworkApp\SocialNetworkApp\src\ReactWeb\src\components\group\GroupAdminManage.jsx", "JavaScript JSX", 0, 0, 0, 0, 0, 0, 0, 0, 1128, 0, 0, 0, 0, 10, 90, 1228
"d:\SocialNetworkApp\SocialNetworkApp\src\ReactWeb\src\components\group\GroupAdminSettings.jsx", "JavaScript JSX", 0, 0, 0, 0, 0, 0, 0, 0, 518, 0, 0, 0, 0, 18, 34, 570
"d:\SocialNetworkApp\SocialNetworkApp\src\ReactWeb\src\components\group\GroupAdminSidebar.jsx", "JavaScript JSX", 0, 0, 0, 0, 0, 0, 0, 0, 91, 0, 0, 0, 0, 0, 5, 96
"d:\SocialNetworkApp\SocialNetworkApp\src\ReactWeb\src\contexts\CallContext.jsx", "JavaScript JSX", 0, 0, 0, 0, 0, 0, 0, 0, 465, 0, 0, 0, 0, 29, 68, 562
"d:\SocialNetworkApp\SocialNetworkApp\src\ReactWeb\src\contexts\ChatContext.jsx", "JavaScript JSX", 0, 0, 0, 0, 0, 0, 0, 0, 927, 0, 0, 0, 0, 65, 102, 1094
"d:\SocialNetworkApp\SocialNetworkApp\src\ReactWeb\src\contexts\NotificationContext.jsx", "JavaScript JSX", 0, 0, 0, 0, 0, 0, 0, 0, 187, 0, 0, 0, 0, 12, 29, 228
"d:\SocialNetworkApp\SocialNetworkApp\src\ReactWeb\src\contexts\ReelsContext.jsx", "JavaScript JSX", 0, 0, 0, 0, 0, 0, 0, 0, 197, 0, 0, 0, 0, 5, 28, 230
"d:\SocialNetworkApp\SocialNetworkApp\src\ReactWeb\src\contexts\SearchEngineContext.jsx", "JavaScript JSX", 0, 0, 0, 0, 0, 0, 0, 0, 143, 0, 0, 0, 0, 7, 26, 176
"d:\SocialNetworkApp\SocialNetworkApp\src\ReactWeb\src\contexts\StoriesContext.jsx", "JavaScript JSX", 0, 0, 0, 0, 0, 0, 0, 0, 54, 0, 0, 0, 0, 0, 13, 67
"d:\SocialNetworkApp\SocialNetworkApp\src\ReactWeb\src\contexts\authContext.jsx", "JavaScript JSX", 0, 0, 0, 0, 0, 0, 0, 0, 132, 0, 0, 0, 0, 22, 32, 186
"d:\SocialNetworkApp\SocialNetworkApp\src\ReactWeb\src\contexts\friendContext.jsx", "JavaScript JSX", 0, 0, 0, 0, 0, 0, 0, 0, 239, 0, 0, 0, 0, 0, 24, 263
"d:\SocialNetworkApp\SocialNetworkApp\src\ReactWeb\src\data\chatThemes.js", "JavaScript", 0, 0, 0, 0, 0, 192, 0, 0, 0, 0, 0, 0, 0, 0, 3, 195
"d:\SocialNetworkApp\SocialNetworkApp\src\ReactWeb\src\data\groupMockData.js", "JavaScript", 0, 0, 0, 0, 0, 168, 0, 0, 0, 0, 0, 0, 0, 0, 11, 179
"d:\SocialNetworkApp\SocialNetworkApp\src\ReactWeb\src\data\mockData.js", "JavaScript", 0, 0, 0, 0, 0, 584, 0, 0, 0, 0, 0, 0, 0, 10, 10, 604
"d:\SocialNetworkApp\SocialNetworkApp\src\ReactWeb\src\data\reelsMockData.js", "JavaScript", 0, 0, 0, 0, 0, 198, 0, 0, 0, 0, 0, 0, 0, 0, 1, 199
"d:\SocialNetworkApp\SocialNetworkApp\src\ReactWeb\src\data\searchMockData.js", "JavaScript", 0, 0, 0, 0, 0, 178, 0, 0, 0, 0, 0, 0, 0, 0, 6, 184
"d:\SocialNetworkApp\SocialNetworkApp\src\ReactWeb\src\hooks\useAllMembers.js", "JavaScript", 0, 0, 0, 0, 0, 124, 0, 0, 0, 0, 0, 0, 0, 14, 18, 156
"d:\SocialNetworkApp\SocialNetworkApp\src\ReactWeb\src\hooks\useBirthdays.js", "JavaScript", 0, 0, 0, 0, 0, 51, 0, 0, 0, 0, 0, 0, 0, 0, 9, 60
"d:\SocialNetworkApp\SocialNetworkApp\src\ReactWeb\src\hooks\useChat.jsx", "JavaScript JSX", 0, 0, 0, 0, 0, 0, 0, 0, 86, 0, 0, 0, 0, 17, 20, 123
"d:\SocialNetworkApp\SocialNetworkApp\src\ReactWeb\src\hooks\useContacts.js", "JavaScript", 0, 0, 0, 0, 0, 128, 0, 0, 0, 0, 0, 0, 0, 22, 20, 170
"d:\SocialNetworkApp\SocialNetworkApp\src\ReactWeb\src\hooks\useCreateStory.js", "JavaScript", 0, 0, 0, 0, 0, 27, 0, 0, 0, 0, 0, 0, 0, 0, 5, 32
"d:\SocialNetworkApp\SocialNetworkApp\src\ReactWeb\src\hooks\useFeed.js", "JavaScript", 0, 0, 0, 0, 0, 129, 0, 0, 0, 0, 0, 0, 0, 4, 20, 153
"d:\SocialNetworkApp\SocialNetworkApp\src\ReactWeb\src\hooks\useFollowees.js", "JavaScript", 0, 0, 0, 0, 0, 23, 0, 0, 0, 0, 0, 0, 0, 0, 5, 28
"d:\SocialNetworkApp\SocialNetworkApp\src\ReactWeb\src\hooks\useFriend.js", "JavaScript", 0, 0, 0, 0, 0, 141, 0, 0, 0, 0, 0, 0, 0, 0, 12, 153
"d:\SocialNetworkApp\SocialNetworkApp\src\ReactWeb\src\hooks\useGroup.js", "JavaScript", 0, 0, 0, 0, 0, 224, 0, 0, 0, 0, 0, 0, 0, 0, 31, 255
"d:\SocialNetworkApp\SocialNetworkApp\src\ReactWeb\src\hooks\useGroupInsights.js", "JavaScript", 0, 0, 0, 0, 0, 58, 0, 0, 0, 0, 0, 0, 0, 6, 9, 73
"d:\SocialNetworkApp\SocialNetworkApp\src\ReactWeb\src\hooks\useGroupPosts.js", "JavaScript", 0, 0, 0, 0, 0, 99, 0, 0, 0, 0, 0, 0, 0, 9, 16, 124
"d:\SocialNetworkApp\SocialNetworkApp\src\ReactWeb\src\hooks\useHomeReels.js", "JavaScript", 0, 0, 0, 0, 0, 25, 0, 0, 0, 0, 0, 0, 0, 0, 5, 30
"d:\SocialNetworkApp\SocialNetworkApp\src\ReactWeb\src\hooks\useMedias.js", "JavaScript", 0, 0, 0, 0, 0, 96, 0, 0, 0, 0, 0, 0, 0, 0, 17, 113
"d:\SocialNetworkApp\SocialNetworkApp\src\ReactWeb\src\hooks\usePendingPosts.js", "JavaScript", 0, 0, 0, 0, 0, 137, 0, 0, 0, 0, 0, 0, 0, 11, 18, 166
"d:\SocialNetworkApp\SocialNetworkApp\src\ReactWeb\src\hooks\usePersonalInfo.js", "JavaScript", 0, 0, 0, 0, 0, 24, 0, 0, 0, 0, 0, 0, 0, 0, 6, 30
"d:\SocialNetworkApp\SocialNetworkApp\src\ReactWeb\src\hooks\useProfileFriends.js", "JavaScript", 0, 0, 0, 0, 0, 24, 0, 0, 0, 0, 0, 0, 0, 0, 6, 30
"d:\SocialNetworkApp\SocialNetworkApp\src\ReactWeb\src\hooks\useProfileReels.js", "JavaScript", 0, 0, 0, 0, 0, 148, 0, 0, 0, 0, 0, 0, 0, 3, 19, 170
"d:\SocialNetworkApp\SocialNetworkApp\src\ReactWeb\src\hooks\useProfileStories.js", "JavaScript", 0, 0, 0, 0, 0, 49, 0, 0, 0, 0, 0, 0, 0, 0, 8, 57
"d:\SocialNetworkApp\SocialNetworkApp\src\ReactWeb\src\hooks\useReelComments.js", "JavaScript", 0, 0, 0, 0, 0, 160, 0, 0, 0, 0, 0, 0, 0, 3, 15, 178
"d:\SocialNetworkApp\SocialNetworkApp\src\ReactWeb\src\hooks\useReportedContent.js", "JavaScript", 0, 0, 0, 0, 0, 155, 0, 0, 0, 0, 0, 0, 0, 13, 17, 185
"d:\SocialNetworkApp\SocialNetworkApp\src\ReactWeb\src\hooks\useSavedPosts.js", "JavaScript", 0, 0, 0, 0, 0, 114, 0, 0, 0, 0, 0, 0, 0, 0, 15, 129
"d:\SocialNetworkApp\SocialNetworkApp\src\ReactWeb\src\hooks\useSchools.js", "JavaScript", 0, 0, 0, 0, 0, 35, 0, 0, 0, 0, 0, 0, 0, 2, 3, 40
"d:\SocialNetworkApp\SocialNetworkApp\src\ReactWeb\src\hooks\useSearchGroups.js", "JavaScript", 0, 0, 0, 0, 0, 36, 0, 0, 0, 0, 0, 0, 0, 3, 6, 45
"d:\SocialNetworkApp\SocialNetworkApp\src\ReactWeb\src\hooks\useStoriesTimeline.js", "JavaScript", 0, 0, 0, 0, 0, 42, 0, 0, 0, 0, 0, 0, 0, 0, 6, 48
"d:\SocialNetworkApp\SocialNetworkApp\src\ReactWeb\src\hooks\useTag.js", "JavaScript", 0, 0, 0, 0, 0, 53, 0, 0, 0, 0, 0, 0, 0, 5, 4, 62
"d:\SocialNetworkApp\SocialNetworkApp\src\ReactWeb\src\hooks\useUserMedias.js", "JavaScript", 0, 0, 0, 0, 0, 4, 0, 0, 0, 0, 0, 0, 0, 4, 2, 10
"d:\SocialNetworkApp\SocialNetworkApp\src\ReactWeb\src\hooks\useUserPosts.js", "JavaScript", 0, 0, 0, 0, 0, 81, 0, 0, 0, 0, 0, 0, 0, 5, 12, 98
"d:\SocialNetworkApp\SocialNetworkApp\src\ReactWeb\src\hooks\useYourGroups.js", "JavaScript", 0, 0, 0, 0, 0, 36, 0, 0, 0, 0, 0, 0, 0, 3, 6, 45
"d:\SocialNetworkApp\SocialNetworkApp\src\ReactWeb\src\index.css", "PostCSS", 0, 0, 0, 0, 0, 0, 9, 0, 0, 0, 0, 0, 0, 0, 1, 10
"d:\SocialNetworkApp\SocialNetworkApp\src\ReactWeb\src\main.jsx", "JavaScript JSX", 0, 0, 0, 0, 0, 0, 0, 0, 34, 0, 0, 0, 0, 0, 2, 36
"d:\SocialNetworkApp\SocialNetworkApp\src\ReactWeb\src\pages\BirthdaysPage.jsx", "JavaScript JSX", 0, 0, 0, 0, 0, 0, 0, 0, 200, 0, 0, 0, 0, 0, 13, 213
"d:\SocialNetworkApp\SocialNetworkApp\src\ReactWeb\src\pages\CreateStoryPage.jsx", "JavaScript JSX", 0, 0, 0, 0, 0, 0, 0, 0, 601, 0, 0, 0, 0, 0, 63, 664
"d:\SocialNetworkApp\SocialNetworkApp\src\ReactWeb\src\pages\FriendsPage.jsx", "JavaScript JSX", 0, 0, 0, 0, 0, 0, 0, 0, 263, 0, 0, 0, 0, 4, 24, 291
"d:\SocialNetworkApp\SocialNetworkApp\src\ReactWeb\src\pages\GroupPage.jsx", "JavaScript JSX", 0, 0, 0, 0, 0, 0, 0, 0, 783, 0, 0, 0, 0, 1, 62, 846
"d:\SocialNetworkApp\SocialNetworkApp\src\ReactWeb\src\pages\GroupsCreatePage.jsx", "JavaScript JSX", 0, 0, 0, 0, 0, 0, 0, 0, 238, 0, 0, 0, 0, 0, 24, 262
"d:\SocialNetworkApp\SocialNetworkApp\src\ReactWeb\src\pages\GroupsPage.jsx", "JavaScript JSX", 0, 0, 0, 0, 0, 0, 0, 0, 273, 0, 0, 0, 0, 1, 25, 299
"d:\SocialNetworkApp\SocialNetworkApp\src\ReactWeb\src\pages\HomePage.jsx", "JavaScript JSX", 0, 0, 0, 0, 0, 0, 0, 0, 116, 0, 0, 0, 0, 2, 22, 140
"d:\SocialNetworkApp\SocialNetworkApp\src\ReactWeb\src\pages\MessengerPage.jsx", "JavaScript JSX", 0, 0, 0, 0, 0, 0, 0, 0, 14, 0, 0, 0, 0, 0, 4, 18
"d:\SocialNetworkApp\SocialNetworkApp\src\ReactWeb\src\pages\NotificationsPage.jsx", "JavaScript JSX", 0, 0, 0, 0, 0, 0, 0, 0, 206, 0, 0, 0, 0, 7, 22, 235
"d:\SocialNetworkApp\SocialNetworkApp\src\ReactWeb\src\pages\PostDetailPage.jsx", "JavaScript JSX", 0, 0, 0, 0, 0, 0, 0, 0, 470, 0, 0, 0, 0, 7, 42, 519
"d:\SocialNetworkApp\SocialNetworkApp\src\ReactWeb\src\pages\ProfilePage.jsx", "JavaScript JSX", 0, 0, 0, 0, 0, 0, 0, 0, 796, 0, 0, 0, 0, 46, 82, 924
"d:\SocialNetworkApp\SocialNetworkApp\src\ReactWeb\src\pages\ReelsPage.jsx", "JavaScript JSX", 0, 0, 0, 0, 0, 0, 0, 0, 211, 0, 0, 0, 0, 24, 35, 270
"d:\SocialNetworkApp\SocialNetworkApp\src\ReactWeb\src\pages\SavedPage.jsx", "JavaScript JSX", 0, 0, 0, 0, 0, 0, 0, 0, 187, 0, 0, 0, 0, 11, 21, 219
"d:\SocialNetworkApp\SocialNetworkApp\src\ReactWeb\src\pages\SearchPage.jsx", "JavaScript JSX", 0, 0, 0, 0, 0, 0, 0, 0, 291, 0, 0, 0, 0, 2, 29, 322
"d:\SocialNetworkApp\SocialNetworkApp\src\ReactWeb\src\pages\SigninPage.jsx", "JavaScript JSX", 0, 0, 0, 0, 0, 0, 0, 0, 235, 0, 0, 0, 0, 7, 24, 266
"d:\SocialNetworkApp\SocialNetworkApp\src\ReactWeb\src\pages\SignupPage.jsx", "JavaScript JSX", 0, 0, 0, 0, 0, 0, 0, 0, 193, 0, 0, 0, 0, 8, 30, 231
"d:\SocialNetworkApp\SocialNetworkApp\src\ReactWeb\src\pages\StoryPage.jsx", "JavaScript JSX", 0, 0, 0, 0, 0, 0, 0, 0, 68, 0, 0, 0, 0, 0, 10, 78
"d:\SocialNetworkApp\SocialNetworkApp\src\ReactWeb\src\utils\notificationSound.js", "JavaScript", 0, 0, 0, 0, 0, 28, 0, 0, 0, 0, 0, 0, 0, 0, 8, 36
"d:\SocialNetworkApp\SocialNetworkApp\src\ReactWeb\src\utils\systemMessage.js", "JavaScript", 0, 0, 0, 0, 0, 52, 0, 0, 0, 0, 0, 0, 0, 0, 3, 55
"d:\SocialNetworkApp\SocialNetworkApp\src\ReactWeb\vite.config.js", "JavaScript", 0, 0, 0, 0, 0, 6, 0, 0, 0, 0, 0, 0, 0, 0, 2, 8
"d:\SocialNetworkApp\SocialNetworkApp\src\Web\Api.http", "HTTP", 0, 0, 3, 0, 0, 0, 0, 0, 0, 0, 0, 0, 0, 1, 3, 7
"d:\SocialNetworkApp\SocialNetworkApp\src\Web\FileUploadOperationFilter.cs", "C#", 0, 0, 0, 28, 0, 0, 0, 0, 0, 0, 0, 0, 0, 0, 5, 33
"d:\SocialNetworkApp\SocialNetworkApp\src\Web\Logs\err.log", "log", 0, 0, 0, 0, 0, 0, 0, 0, 0, 0, 0, 0, 0, 0, 1, 1
"d:\SocialNetworkApp\SocialNetworkApp\src\Web\Logs\out.log", "log", 0, 0, 0, 0, 0, 0, 0, 0, 0, 29, 0, 0, 0, 0, 1, 30
"d:\SocialNetworkApp\SocialNetworkApp\src\Web\Logs\swagger.json", "JSON", 0, 18, 0, 0, 0, 0, 0, 0, 0, 0, 0, 0, 0, 3, 1, 22
"d:\SocialNetworkApp\SocialNetworkApp\src\Web\Program.cs", "C#", 0, 0, 0, 208, 0, 0, 0, 0, 0, 0, 0, 0, 0, 23, 34, 265
"d:\SocialNetworkApp\SocialNetworkApp\src\Web\Properties\launchSettings.json", "JSON", 0, 23, 0, 0, 0, 0, 0, 0, 0, 0, 0, 0, 0, 0, 1, 24
"d:\SocialNetworkApp\SocialNetworkApp\src\Web\Views\Admin\AuditLogs.cshtml", "ASP.NET Razor", 0, 0, 0, 0, 0, 0, 0, 0, 0, 0, 0, 440, 0, 3, 13, 456
"d:\SocialNetworkApp\SocialNetworkApp\src\Web\Views\Admin\Dashboard.cshtml", "ASP.NET Razor", 0, 0, 0, 0, 0, 0, 0, 0, 0, 0, 0, 120, 0, 5, 14, 139
"d:\SocialNetworkApp\SocialNetworkApp\src\Web\Views\Admin\ForgotPassword.cshtml", "ASP.NET Razor", 0, 0, 0, 0, 0, 0, 0, 0, 0, 0, 0, 43, 0, 4, 8, 55
"d:\SocialNetworkApp\SocialNetworkApp\src\Web\Views\Admin\Groups.cshtml", "ASP.NET Razor", 0, 0, 0, 0, 0, 0, 0, 0, 0, 0, 0, 231, 0, 4, 12, 247
"d:\SocialNetworkApp\SocialNetworkApp\src\Web\Views\Admin\Login.cshtml", "ASP.NET Razor", 0, 0, 0, 0, 0, 0, 0, 0, 0, 0, 0, 62, 0, 3, 7, 72
"d:\SocialNetworkApp\SocialNetworkApp\src\Web\Views\Admin\Moderation.cshtml", "ASP.NET Razor", 0, 0, 0, 0, 0, 0, 0, 0, 0, 0, 0, 429, 0, 3, 13, 445
"d:\SocialNetworkApp\SocialNetworkApp\src\Web\Views\Admin\Shared\_AdminLayout.cshtml", "ASP.NET Razor", 0, 0, 0, 0, 0, 0, 0, 0, 0, 0, 0, 113, 0, 4, 14, 131
"d:\SocialNetworkApp\SocialNetworkApp\src\Web\Views\Admin\Shared\_LineChart.cshtml", "ASP.NET Razor", 0, 0, 0, 0, 0, 0, 0, 0, 0, 0, 0, 137, 0, 17, 16, 170
"d:\SocialNetworkApp\SocialNetworkApp\src\Web\Views\Admin\Shared\_LoginLayout.cshtml", "ASP.NET Razor", 0, 0, 0, 0, 0, 0, 0, 0, 0, 0, 0, 48, 0, 3, 4, 55
"d:\SocialNetworkApp\SocialNetworkApp\src\Web\Views\Admin\Shared\_StackedBarChart.cshtml", "ASP.NET Razor", 0, 0, 0, 0, 0, 0, 0, 0, 0, 0, 0, 152, 0, 18, 23, 193
"d:\SocialNetworkApp\SocialNetworkApp\src\Web\Views\Admin\Users.cshtml", "ASP.NET Razor", 0, 0, 0, 0, 0, 0, 0, 0, 0, 0, 0, 381, 0, 3, 13, 397
"d:\SocialNetworkApp\SocialNetworkApp\src\Web\Web.csproj", "XML", 0, 0, 0, 0, 22, 0, 0, 0, 0, 0, 0, 0, 0, 0, 5, 27
"d:\SocialNetworkApp\SocialNetworkApp\src\Web\appsettings.Development.json", "JSON", 0, 44, 0, 0, 0, 0, 0, 0, 0, 0, 0, 0, 0, 0, 1, 45
"d:\SocialNetworkApp\SocialNetworkApp\src\Web\appsettings.json", "JSON", 0, 49, 0, 0, 0, 0, 0, 0, 0, 0, 0, 0, 0, 0, 2, 51
"d:\SocialNetworkApp\SocialNetworkApp\src\Web\bin\Debug\net10.0\BuildHost-netcore\Microsoft.CodeAnalysis.Workspaces.MSBuild.BuildHost.deps.json", "JSON", 0, 260, 0, 0, 0, 0, 0, 0, 0, 0, 0, 0, 0, 0, 0, 260
"d:\SocialNetworkApp\SocialNetworkApp\src\Web\bin\Debug\net10.0\BuildHost-netcore\Microsoft.CodeAnalysis.Workspaces.MSBuild.BuildHost.runtimeconfig.json", "JSON", 0, 13, 0, 0, 0, 0, 0, 0, 0, 0, 0, 0, 0, 0, 0, 13
"d:\SocialNetworkApp\SocialNetworkApp\src\Web\bin\Debug\net10.0\Logs\swagger.json", "JSON", 0, 18, 0, 0, 0, 0, 0, 0, 0, 0, 0, 0, 0, 3, 1, 22
"d:\SocialNetworkApp\SocialNetworkApp\src\Web\bin\Debug\net10.0\Web.deps.json", "JSON", 0, 1474, 0, 0, 0, 0, 0, 0, 0, 0, 0, 0, 0, 0, 0, 1474
"d:\SocialNetworkApp\SocialNetworkApp\src\Web\bin\Debug\net10.0\Web.runtimeconfig.json", "JSON", 0, 20, 0, 0, 0, 0, 0, 0, 0, 0, 0, 0, 0, 0, 0, 20
"d:\SocialNetworkApp\SocialNetworkApp\src\Web\bin\Debug\net10.0\Web.staticwebassets.endpoints.json", "JSON", 0, 1, 0, 0, 0, 0, 0, 0, 0, 0, 0, 0, 0, 0, 0, 1
"d:\SocialNetworkApp\SocialNetworkApp\src\Web\bin\Debug\net10.0\Web.staticwebassets.runtime.json", "JSON", 0, 1, 0, 0, 0, 0, 0, 0, 0, 0, 0, 0, 0, 0, 0, 1
"d:\SocialNetworkApp\SocialNetworkApp\src\Web\bin\Debug\net10.0\appsettings.Development.json", "JSON", 0, 44, 0, 0, 0, 0, 0, 0, 0, 0, 0, 0, 0, 0, 1, 45
"d:\SocialNetworkApp\SocialNetworkApp\src\Web\bin\Debug\net10.0\appsettings.json", "JSON", 0, 49, 0, 0, 0, 0, 0, 0, 0, 0, 0, 0, 0, 0, 2, 51
"d:\SocialNetworkApp\SocialNetworkApp\src\Web\obj\Debug\net10.0\.NETCoreApp,Version=v10.0.AssemblyAttributes.cs", "C#", 0, 0, 0, 3, 0, 0, 0, 0, 0, 0, 0, 0, 0, 1, 1, 5
"d:\SocialNetworkApp\SocialNetworkApp\src\Web\obj\Debug\net10.0\ApiEndpoints.json", "JSON", 0, 2815, 0, 0, 0, 0, 0, 0, 0, 0, 0, 0, 0, 0, 0, 2815
"d:\SocialNetworkApp\SocialNetworkApp\src\Web\obj\Debug\net10.0\Web.AssemblyInfo.cs", "C#", 0, 0, 0, 9, 0, 0, 0, 0, 0, 0, 0, 0, 0, 10, 5, 24
"d:\SocialNetworkApp\SocialNetworkApp\src\Web\obj\Debug\net10.0\Web.GeneratedMSBuildEditorConfig.editorconfig", "Properties", 0, 0, 0, 0, 0, 0, 0, 64, 0, 0, 0, 0, 0, 0, 12, 76
"d:\SocialNetworkApp\SocialNetworkApp\src\Web\obj\Debug\net10.0\Web.GlobalUsings.g.cs", "C#", 0, 0, 0, 16, 0, 0, 0, 0, 0, 0, 0, 0, 0, 1, 1, 18
"d:\SocialNetworkApp\SocialNetworkApp\src\Web\obj\Debug\net10.0\Web.MvcApplicationPartsAssemblyInfo.cs", "C#", 0, 0, 0, 4, 0, 0, 0, 0, 0, 0, 0, 0, 0, 9, 5, 18
"d:\SocialNetworkApp\SocialNetworkApp\src\Web\obj\Debug\net10.0\Web.RazorAssemblyInfo.cs", "C#", 0, 0, 0, 4, 0, 0, 0, 0, 0, 0, 0, 0, 0, 10, 5, 19
"d:\SocialNetworkApp\SocialNetworkApp\src\Web\obj\Debug\net10.0\Web.sourcelink.json", "JSON", 0, 1, 0, 0, 0, 0, 0, 0, 0, 0, 0, 0, 0, 0, 0, 1
"d:\SocialNetworkApp\SocialNetworkApp\src\Web\obj\Debug\net10.0\rbcswa.dswa.cache.json", "JSON", 0, 1, 0, 0, 0, 0, 0, 0, 0, 0, 0, 0, 0, 0, 0, 1
"d:\SocialNetworkApp\SocialNetworkApp\src\Web\obj\Debug\net10.0\rjimswa.dswa.cache.json", "JSON", 0, 1, 0, 0, 0, 0, 0, 0, 0, 0, 0, 0, 0, 0, 0, 1
"d:\SocialNetworkApp\SocialNetworkApp\src\Web\obj\Debug\net10.0\rjsmcshtml.dswa.cache.json", "JSON", 0, 1, 0, 0, 0, 0, 0, 0, 0, 0, 0, 0, 0, 0, 0, 1
"d:\SocialNetworkApp\SocialNetworkApp\src\Web\obj\Debug\net10.0\rjsmrazor.dswa.cache.json", "JSON", 0, 1, 0, 0, 0, 0, 0, 0, 0, 0, 0, 0, 0, 0, 0, 1
"d:\SocialNetworkApp\SocialNetworkApp\src\Web\obj\Debug\net10.0\rpswa.dswa.cache.json", "JSON", 0, 1, 0, 0, 0, 0, 0, 0, 0, 0, 0, 0, 0, 0, 0, 1
"d:\SocialNetworkApp\SocialNetworkApp\src\Web\obj\Debug\net10.0\staticwebassets.build.endpoints.json", "JSON", 0, 1, 0, 0, 0, 0, 0, 0, 0, 0, 0, 0, 0, 0, 0, 1
"d:\SocialNetworkApp\SocialNetworkApp\src\Web\obj\Debug\net10.0\staticwebassets.build.json", "JSON", 0, 1, 0, 0, 0, 0, 0, 0, 0, 0, 0, 0, 0, 0, 0, 1
"d:\SocialNetworkApp\SocialNetworkApp\src\Web\obj\Debug\net10.0\staticwebassets.development.json", "JSON", 0, 1, 0, 0, 0, 0, 0, 0, 0, 0, 0, 0, 0, 0, 0, 1
"d:\SocialNetworkApp\SocialNetworkApp\src\Web\obj\Web.csproj.nuget.dgspec.json", "JSON", 0, 2223, 0, 0, 0, 0, 0, 0, 0, 0, 0, 0, 0, 0, 0, 2223
"d:\SocialNetworkApp\SocialNetworkApp\src\Web\obj\Web.csproj.nuget.g.props", "XML", 0, 0, 0, 0, 535, 0, 0, 0, 0, 0, 0, 0, 0, 0, 0, 535
"d:\SocialNetworkApp\SocialNetworkApp\src\Web\obj\Web.csproj.nuget.g.targets", "XML", 0, 0, 0, 0, 9, 0, 0, 0, 0, 0, 0, 0, 0, 0, 0, 9
"d:\SocialNetworkApp\SocialNetworkApp\src\Web\obj\project.assets.json", "JSON", 0, 5003, 0, 0, 0, 0, 0, 0, 0, 0, 0, 0, 0, 0, 0, 5003
"d:\SocialNetworkApp\SocialNetworkApp\src\Web\wwwroot\admin\css\admin.min.css", "PostCSS", 0, 0, 0, 0, 0, 0, 884, 0, 0, 0, 0, 0, 0, 41, 66, 991
"d:\SocialNetworkApp\SocialNetworkApp\src\Web\wwwroot\admin\js\admin.min.js", "JavaScript", 0, 0, 0, 0, 0, 103, 0, 0, 0, 0, 0, 0, 0, 11, 19, 133
"d:\SocialNetworkApp\SocialNetworkApp\src\build.log", "log", 0, 0, 0, 0, 0, 0, 0, 0, 0, 9873, 0, 0, 0, 0, 17, 9890
"d:\SocialNetworkApp\SocialNetworkApp\src\package-lock.json", "JSON", 0, 6, 0, 0, 0, 0, 0, 0, 0, 0, 0, 0, 0, 0, 1, 7
"Total", "-", 185, 31552, 3, 36894, 805, 4616, 915, 199, 22334, 9902, 13, 2156, 5, 2194, 13326, 125099